schema_version,provider,account_id,connection_id,product,jurisdiction,currency,data_mode,source,promotion_id,promotion_type,awarded_at,expires_at,quantity_awarded,quantity_used,quantity_expired,amount_awarded_minor,amount_played_minor,amount_expired_minor,boost_percent,bet_id,award_entry_id,used_entry_id,expiry_entry_id,status
1.0,fanduel,sim_v2_fd_account_001,sim_v2_fd_connection_001,sportsbook,DEMO,USD,demo,SYNTHETIC,sim_v2_fd_promo_3,profit_boost_token,2026-07-17T14:26:00.000Z,2026-07-17T17:27:00.000Z,2,1,1,0,0,0,20,sim_v2_fd_bet_0003,sim_v2_fd_entry_00005,sim_v2_fd_entry_00007,sim_v2_fd_entry_00009,used_and_expired
1.0,fanduel,sim_v2_fd_account_001,sim_v2_fd_connection_001,sportsbook,DEMO,USD,demo,SYNTHETIC,sim_v2_fd_promo_5,bonus_bet_credit,2026-07-18T14:30:00.000Z,,0,0,0,1400,1400,0,0,sim_v2_fd_bet_0005,sim_v2_fd_entry_00012,sim_v2_fd_entry_00013,,used
1.0,fanduel,sim_v2_fd_account_001,sim_v2_fd_connection_001,sportsbook,DEMO,USD,demo,SYNTHETIC,sim_v2_fd_promo_11,profit_boost_token,2026-07-21T14:22:00.000Z,2026-07-21T17:23:00.000Z,2,1,1,0,0,0,20,sim_v2_fd_bet_0011,sim_v2_fd_entry_00020,sim_v2_fd_entry_00022,sim_v2_fd_entry_00024,used_and_expired
1.0,fanduel,sim_v2_fd_account_001,sim_v2_fd_connection_001,sportsbook,DEMO,USD,demo,SYNTHETIC,sim_v2_fd_promo_19,profit_boost_token,2026-07-25T14:28:00.000Z,2026-07-25T17:29:00.000Z,2,1,1,0,0,0,20,sim_v2_fd_bet_0019,sim_v2_fd_entry_00037,sim_v2_fd_entry_00039,sim_v2_fd_entry_00040,used_and_expired
1.0,fanduel,sim_v2_fd_account_001,sim_v2_fd_connection_001,sportsbook,DEMO,USD,demo,SYNTHETIC,sim_v2_fd_promo_22,bonus_bet_credit,2026-07-26T18:24:00.000Z,,0,0,0,2800,2800,0,0,sim_v2_fd_bet_0022,sim_v2_fd_entry_00045,sim_v2_fd_entry_00046,,used
1.0,fanduel,sim_v2_fd_account_001,sim_v2_fd_connection_001,sportsbook,DEMO,USD,demo,SYNTHETIC,sim_v2_fd_promo_27,profit_boost_token,2026-07-29T14:24:00.000Z,2026-07-29T17:25:00.000Z,2,1,1,0,0,0,20,sim_v2_fd_bet_0027,sim_v2_fd_entry_00053,sim_v2_fd_entry_00055,sim_v2_fd_entry_00056,used_and_expired
1.0,fanduel,sim_v2_fd_account_001,sim_v2_fd_connection_001,sportsbook,DEMO,USD,demo,SYNTHETIC,sim_v2_fd_promo_35,profit_boost_token,2026-08-02T14:30:00.000Z,2026-08-02T17:31:00.000Z,2,1,1,0,0,0,20,sim_v2_fd_bet_0035,sim_v2_fd_entry_00067,sim_v2_fd_entry_00069,sim_v2_fd_entry_00070,used_and_expired
1.0,fanduel,sim_v2_fd_account_001,sim_v2_fd_connection_001,sportsbook,DEMO,USD,demo,SYNTHETIC,sim_v2_fd_promo_39,bonus_bet_credit,2026-08-04T14:28:00.000Z,,0,0,0,9200,9200,0,0,sim_v2_fd_bet_0039,sim_v2_fd_entry_00075,sim_v2_fd_entry_00076,,used
1.0,fanduel,sim_v2_fd_account_001,sim_v2_fd_connection_001,sportsbook,DEMO,USD,demo,SYNTHETIC,sim_v2_fd_promo_43,profit_boost_token,2026-08-06T14:26:00.000Z,2026-08-06T17:27:00.000Z,2,1,1,0,0,0,20,sim_v2_fd_bet_0043,sim_v2_fd_entry_00081,sim_v2_fd_entry_00083,sim_v2_fd_entry_00084,used_and_expired
1.0,fanduel,sim_v2_fd_account_001,sim_v2_fd_connection_001,sportsbook,DEMO,USD,demo,SYNTHETIC,sim_v2_fd_promo_51,profit_boost_token,2026-08-10T14:22:00.000Z,2026-08-10T17:23:00.000Z,2,1,1,0,0,0,20,sim_v2_fd_bet_0051,sim_v2_fd_entry_00096,sim_v2_fd_entry_00098,sim_v2_fd_entry_00099,used_and_expired
1.0,fanduel,sim_v2_fd_account_001,sim_v2_fd_connection_001,sportsbook,DEMO,USD,demo,SYNTHETIC,sim_v2_fd_promo_56,bonus_bet_credit,2026-08-12T18:22:00.000Z,,0,0,0,5600,5600,0,0,sim_v2_fd_bet_0056,sim_v2_fd_entry_00105,sim_v2_fd_entry_00106,,used
1.0,fanduel,sim_v2_fd_account_001,sim_v2_fd_connection_001,sportsbook,DEMO,USD,demo,SYNTHETIC,sim_v2_fd_promo_59,profit_boost_token,2026-08-14T14:28:00.000Z,2026-08-14T17:29:00.000Z,2,1,1,0,0,0,20,sim_v2_fd_bet_0059,sim_v2_fd_entry_00112,sim_v2_fd_entry_00114,sim_v2_fd_entry_00115,used_and_expired
1.0,fanduel,sim_v2_fd_account_001,sim_v2_fd_connection_001,sportsbook,DEMO,USD,demo,SYNTHETIC,sim_v2_fd_promo_67,profit_boost_token,2026-08-18T14:24:00.000Z,2026-08-18T17:25:00.000Z,2,1,1,0,0,0,20,sim_v2_fd_bet_0067,sim_v2_fd_entry_00124,sim_v2_fd_entry_00126,sim_v2_fd_entry_00128,used_and_expired
