schema_version,provider,account_id,connection_id,product,jurisdiction,currency,data_mode,source,entry_id,transaction_id,timestamp,type,category,description,entry_part,entry_parts,bet_id,promotion_id,amount_minor,bonus_amount_minor,token_quantity_change,cash_balance_after_minor,balance_after_minor,bonus_balance_after_minor,playable_balance_after_minor,non_playable_balance_after_minor,token_count_after
1.0,fanduel,sim_v2_fd_account_001,sim_v2_fd_connection_001,sportsbook,DEMO,USD,demo,SYNTHETIC,sim_v2_fd_entry_00001,sim_v2_fd_tx_1,2026-07-16T13:23:00.000Z,deposit,Deposit,Simulated deposit,1,1,,,28000,0,0,28000,28000,0,28000,0,0
1.0,fanduel,sim_v2_fd_account_001,sim_v2_fd_connection_001,sportsbook,DEMO,USD,demo,SYNTHETIC,sim_v2_fd_entry_00002,sim_v2_fd_wager_1,2026-07-16T14:23:00.000Z,wager,Wager,Simulated wager,1,1,sim_v2_fd_bet_0001,,-1400,0,0,26600,26600,0,26600,0,0
1.0,fanduel,sim_v2_fd_account_001,sim_v2_fd_connection_001,sportsbook,DEMO,USD,demo,SYNTHETIC,sim_v2_fd_entry_00003,sim_v2_fd_wager_2,2026-07-16T18:25:00.000Z,wager,Wager,Simulated wager,1,1,sim_v2_fd_bet_0002,,-2800,0,0,23800,23800,0,23800,0,0
1.0,fanduel,sim_v2_fd_account_001,sim_v2_fd_connection_001,sportsbook,DEMO,USD,demo,SYNTHETIC,sim_v2_fd_entry_00004,sim_v2_fd_tx_4,2026-07-16T20:25:00.000Z,payout,Winnings,Simulated payout,1,1,sim_v2_fd_bet_0002,,4874,0,0,28674,28674,0,28674,0,0
1.0,fanduel,sim_v2_fd_account_001,sim_v2_fd_connection_001,sportsbook,DEMO,USD,demo,SYNTHETIC,sim_v2_fd_entry_00005,sim_v2_fd_tx_5,2026-07-17T14:26:00.000Z,token_award,Bonus,Simulated token award,1,1,,sim_v2_fd_promo_3,0,0,2,28674,28674,0,28674,0,2
1.0,fanduel,sim_v2_fd_account_001,sim_v2_fd_connection_001,sportsbook,DEMO,USD,demo,SYNTHETIC,sim_v2_fd_entry_00006,sim_v2_fd_wager_3,2026-07-17T14:27:00.000Z,wager,Wager,Simulated wager,1,2,sim_v2_fd_bet_0003,sim_v2_fd_promo_3,-4200,0,0,24474,24474,0,24474,0,2
1.0,fanduel,sim_v2_fd_account_001,sim_v2_fd_connection_001,sportsbook,DEMO,USD,demo,SYNTHETIC,sim_v2_fd_entry_00007,sim_v2_fd_wager_3,2026-07-17T14:27:00.000Z,token_used,Bonus,Simulated token used,2,2,sim_v2_fd_bet_0003,sim_v2_fd_promo_3,0,0,-1,24474,24474,0,24474,0,1
1.0,fanduel,sim_v2_fd_account_001,sim_v2_fd_connection_001,sportsbook,DEMO,USD,demo,SYNTHETIC,sim_v2_fd_entry_00008,sim_v2_fd_tx_8,2026-07-17T16:27:00.000Z,payout,Winnings,Simulated payout,1,1,sim_v2_fd_bet_0003,,11508,0,0,35982,35982,0,35982,0,1
1.0,fanduel,sim_v2_fd_account_001,sim_v2_fd_connection_001,sportsbook,DEMO,USD,demo,SYNTHETIC,sim_v2_fd_entry_00009,sim_v2_fd_tx_9,2026-07-17T17:27:00.000Z,token_expired,Bonus,Simulated token expired,1,1,,sim_v2_fd_promo_3,0,0,-1,35982,35982,0,35982,0,0
1.0,fanduel,sim_v2_fd_account_001,sim_v2_fd_connection_001,sportsbook,DEMO,USD,demo,SYNTHETIC,sim_v2_fd_entry_00010,sim_v2_fd_wager_4,2026-07-17T18:29:00.000Z,wager,Wager,Simulated wager,1,1,sim_v2_fd_bet_0004,,-5600,0,0,30382,30382,0,30382,0,0
1.0,fanduel,sim_v2_fd_account_001,sim_v2_fd_connection_001,sportsbook,DEMO,USD,demo,SYNTHETIC,sim_v2_fd_entry_00011,sim_v2_fd_tx_11,2026-07-17T20:29:00.000Z,payout,Winnings,Simulated payout,1,1,sim_v2_fd_bet_0004,,15400,0,0,45782,45782,0,45782,0,0
1.0,fanduel,sim_v2_fd_account_001,sim_v2_fd_connection_001,sportsbook,DEMO,USD,demo,SYNTHETIC,sim_v2_fd_entry_00012,sim_v2_fd_tx_12,2026-07-18T14:30:00.000Z,bonus_award,Bonus,Simulated bonus award,1,1,,sim_v2_fd_promo_5,0,1400,0,45782,45782,1400,47182,0,0
1.0,fanduel,sim_v2_fd_account_001,sim_v2_fd_connection_001,sportsbook,DEMO,USD,demo,SYNTHETIC,sim_v2_fd_entry_00013,sim_v2_fd_wager_5,2026-07-18T14:31:00.000Z,bonus_wager,Wager,Simulated bonus wager,1,1,sim_v2_fd_bet_0005,sim_v2_fd_promo_5,0,-1400,0,45782,45782,0,45782,0,0
1.0,fanduel,sim_v2_fd_account_001,sim_v2_fd_connection_001,sportsbook,DEMO,USD,demo,SYNTHETIC,sim_v2_fd_entry_00014,sim_v2_fd_wager_6,2026-07-18T18:23:00.000Z,wager,Wager,Simulated wager,1,1,sim_v2_fd_bet_0006,,-2800,0,0,42982,42982,0,42982,0,0
1.0,fanduel,sim_v2_fd_account_001,sim_v2_fd_connection_001,sportsbook,DEMO,USD,demo,SYNTHETIC,sim_v2_fd_entry_00015,sim_v2_fd_wager_7,2026-07-19T14:25:00.000Z,wager,Wager,Simulated wager,1,1,sim_v2_fd_bet_0007,,-4200,0,0,38782,38782,0,38782,0,0
1.0,fanduel,sim_v2_fd_account_001,sim_v2_fd_connection_001,sportsbook,DEMO,USD,demo,SYNTHETIC,sim_v2_fd_entry_00016,sim_v2_fd_wager_8,2026-07-19T18:27:00.000Z,wager,Wager,Simulated wager,1,1,sim_v2_fd_bet_0008,,-5600,0,0,33182,33182,0,33182,0,0
1.0,fanduel,sim_v2_fd_account_001,sim_v2_fd_connection_001,sportsbook,DEMO,USD,demo,SYNTHETIC,sim_v2_fd_entry_00017,sim_v2_fd_wager_9,2026-07-20T14:29:00.000Z,wager,Wager,Simulated wager,1,1,sim_v2_fd_bet_0009,,-1400,0,0,31782,31782,0,31782,0,0
1.0,fanduel,sim_v2_fd_account_001,sim_v2_fd_connection_001,sportsbook,DEMO,USD,demo,SYNTHETIC,sim_v2_fd_entry_00018,sim_v2_fd_tx_18,2026-07-20T16:29:00.000Z,payout,Winnings,Simulated payout,1,1,sim_v2_fd_bet_0009,,2618,0,0,34400,34400,0,34400,0,0
1.0,fanduel,sim_v2_fd_account_001,sim_v2_fd_connection_001,sportsbook,DEMO,USD,demo,SYNTHETIC,sim_v2_fd_entry_00019,sim_v2_fd_wager_10,2026-07-20T18:31:00.000Z,wager,Wager,Simulated wager,1,1,sim_v2_fd_bet_0010,,-2800,0,0,31600,31600,0,31600,0,0
1.0,fanduel,sim_v2_fd_account_001,sim_v2_fd_connection_001,sportsbook,DEMO,USD,demo,SYNTHETIC,sim_v2_fd_entry_00020,sim_v2_fd_tx_20,2026-07-21T14:22:00.000Z,token_award,Bonus,Simulated token award,1,1,,sim_v2_fd_promo_11,0,0,2,31600,31600,0,31600,0,2
1.0,fanduel,sim_v2_fd_account_001,sim_v2_fd_connection_001,sportsbook,DEMO,USD,demo,SYNTHETIC,sim_v2_fd_entry_00021,sim_v2_fd_wager_11,2026-07-21T14:23:00.000Z,wager,Wager,Simulated wager,1,2,sim_v2_fd_bet_0011,sim_v2_fd_promo_11,-4200,0,0,27400,27400,0,27400,0,2
1.0,fanduel,sim_v2_fd_account_001,sim_v2_fd_connection_001,sportsbook,DEMO,USD,demo,SYNTHETIC,sim_v2_fd_entry_00022,sim_v2_fd_wager_11,2026-07-21T14:23:00.000Z,token_used,Bonus,Simulated token used,2,2,sim_v2_fd_bet_0011,sim_v2_fd_promo_11,0,0,-1,27400,27400,0,27400,0,1
1.0,fanduel,sim_v2_fd_account_001,sim_v2_fd_connection_001,sportsbook,DEMO,USD,demo,SYNTHETIC,sim_v2_fd_entry_00023,sim_v2_fd_tx_23,2026-07-21T16:23:00.000Z,payout,Winnings,Simulated payout,1,1,sim_v2_fd_bet_0011,,11508,0,0,38908,38908,0,38908,0,1
1.0,fanduel,sim_v2_fd_account_001,sim_v2_fd_connection_001,sportsbook,DEMO,USD,demo,SYNTHETIC,sim_v2_fd_entry_00024,sim_v2_fd_tx_24,2026-07-21T17:23:00.000Z,token_expired,Bonus,Simulated token expired,1,1,,sim_v2_fd_promo_11,0,0,-1,38908,38908,0,38908,0,0
1.0,fanduel,sim_v2_fd_account_001,sim_v2_fd_connection_001,sportsbook,DEMO,USD,demo,SYNTHETIC,sim_v2_fd_entry_00025,sim_v2_fd_wager_12,2026-07-21T18:25:00.000Z,wager,Wager,Simulated wager,1,1,sim_v2_fd_bet_0012,,-5600,0,0,33308,33308,0,33308,0,0
1.0,fanduel,sim_v2_fd_account_001,sim_v2_fd_connection_001,sportsbook,DEMO,USD,demo,SYNTHETIC,sim_v2_fd_entry_00026,sim_v2_fd_tx_26,2026-07-21T20:25:00.000Z,payout,Winnings,Simulated payout,1,1,sim_v2_fd_bet_0012,,15400,0,0,48708,48708,0,48708,0,0
1.0,fanduel,sim_v2_fd_account_001,sim_v2_fd_connection_001,sportsbook,DEMO,USD,demo,SYNTHETIC,sim_v2_fd_entry_00027,sim_v2_fd_wager_13,2026-07-22T14:27:00.000Z,wager,Wager,Simulated wager,1,1,sim_v2_fd_bet_0013,,-1400,0,0,47308,47308,0,47308,0,0
1.0,fanduel,sim_v2_fd_account_001,sim_v2_fd_connection_001,sportsbook,DEMO,USD,demo,SYNTHETIC,sim_v2_fd_entry_00028,sim_v2_fd_tx_28,2026-07-22T16:27:00.000Z,payout,Winnings,Simulated payout,1,1,sim_v2_fd_bet_0013,,2618,0,0,49926,49926,0,49926,0,0
1.0,fanduel,sim_v2_fd_account_001,sim_v2_fd_connection_001,sportsbook,DEMO,USD,demo,SYNTHETIC,sim_v2_fd_entry_00029,sim_v2_fd_wager_14,2026-07-22T18:29:00.000Z,wager,Wager,Simulated wager,1,1,sim_v2_fd_bet_0014,,-2800,0,0,47126,47126,0,47126,0,0
1.0,fanduel,sim_v2_fd_account_001,sim_v2_fd_connection_001,sportsbook,DEMO,USD,demo,SYNTHETIC,sim_v2_fd_entry_00030,sim_v2_fd_wager_15,2026-07-23T14:31:00.000Z,wager,Wager,Simulated wager,1,1,sim_v2_fd_bet_0015,,-4200,0,0,42926,42926,0,42926,0,0
1.0,fanduel,sim_v2_fd_account_001,sim_v2_fd_connection_001,sportsbook,DEMO,USD,demo,SYNTHETIC,sim_v2_fd_entry_00031,sim_v2_fd_wager_16,2026-07-23T18:23:00.000Z,wager,Wager,Simulated wager,1,1,sim_v2_fd_bet_0016,,-5600,0,0,37326,37326,0,37326,0,0
1.0,fanduel,sim_v2_fd_account_001,sim_v2_fd_connection_001,sportsbook,DEMO,USD,demo,SYNTHETIC,sim_v2_fd_entry_00032,sim_v2_fd_tx_32,2026-07-23T20:23:00.000Z,payout,Winnings,Simulated payout,1,1,sim_v2_fd_bet_0016,,15400,0,0,52726,52726,0,52726,0,0
1.0,fanduel,sim_v2_fd_account_001,sim_v2_fd_connection_001,sportsbook,DEMO,USD,demo,SYNTHETIC,sim_v2_fd_entry_00033,sim_v2_fd_wager_17,2026-07-24T14:25:00.000Z,wager,Wager,Simulated wager,1,1,sim_v2_fd_bet_0017,,-1400,0,0,51326,51326,0,51326,0,0
1.0,fanduel,sim_v2_fd_account_001,sim_v2_fd_connection_001,sportsbook,DEMO,USD,demo,SYNTHETIC,sim_v2_fd_entry_00034,sim_v2_fd_tx_34,2026-07-24T16:25:00.000Z,payout,Winnings,Simulated payout,1,1,sim_v2_fd_bet_0017,,2618,0,0,53944,53944,0,53944,0,0
1.0,fanduel,sim_v2_fd_account_001,sim_v2_fd_connection_001,sportsbook,DEMO,USD,demo,SYNTHETIC,sim_v2_fd_entry_00035,sim_v2_fd_wager_18,2026-07-24T18:27:00.000Z,wager,Wager,Simulated wager,1,1,sim_v2_fd_bet_0018,,-2800,0,0,51144,51144,0,51144,0,0
1.0,fanduel,sim_v2_fd_account_001,sim_v2_fd_connection_001,sportsbook,DEMO,USD,demo,SYNTHETIC,sim_v2_fd_entry_00036,sim_v2_fd_tx_36,2026-07-24T20:27:00.000Z,payout,Winnings,Simulated payout,1,1,sim_v2_fd_bet_0018,,4874,0,0,56018,56018,0,56018,0,0
1.0,fanduel,sim_v2_fd_account_001,sim_v2_fd_connection_001,sportsbook,DEMO,USD,demo,SYNTHETIC,sim_v2_fd_entry_00037,sim_v2_fd_tx_37,2026-07-25T14:28:00.000Z,token_award,Bonus,Simulated token award,1,1,,sim_v2_fd_promo_19,0,0,2,56018,56018,0,56018,0,2
1.0,fanduel,sim_v2_fd_account_001,sim_v2_fd_connection_001,sportsbook,DEMO,USD,demo,SYNTHETIC,sim_v2_fd_entry_00038,sim_v2_fd_wager_19,2026-07-25T14:29:00.000Z,wager,Wager,Simulated wager,1,2,sim_v2_fd_bet_0019,sim_v2_fd_promo_19,-4200,0,0,51818,51818,0,51818,0,2
1.0,fanduel,sim_v2_fd_account_001,sim_v2_fd_connection_001,sportsbook,DEMO,USD,demo,SYNTHETIC,sim_v2_fd_entry_00039,sim_v2_fd_wager_19,2026-07-25T14:29:00.000Z,token_used,Bonus,Simulated token used,2,2,sim_v2_fd_bet_0019,sim_v2_fd_promo_19,0,0,-1,51818,51818,0,51818,0,1
1.0,fanduel,sim_v2_fd_account_001,sim_v2_fd_connection_001,sportsbook,DEMO,USD,demo,SYNTHETIC,sim_v2_fd_entry_00040,sim_v2_fd_tx_40,2026-07-25T17:29:00.000Z,token_expired,Bonus,Simulated token expired,1,1,,sim_v2_fd_promo_19,0,0,-1,51818,51818,0,51818,0,0
1.0,fanduel,sim_v2_fd_account_001,sim_v2_fd_connection_001,sportsbook,DEMO,USD,demo,SYNTHETIC,sim_v2_fd_entry_00041,sim_v2_fd_tx_41,2026-07-25T17:39:00.000Z,withdrawal,Withdrawal,Simulated withdrawal,1,1,,,-13000,0,0,38818,38818,0,38818,0,0
1.0,fanduel,sim_v2_fd_account_001,sim_v2_fd_connection_001,sportsbook,DEMO,USD,demo,SYNTHETIC,sim_v2_fd_entry_00042,sim_v2_fd_wager_20,2026-07-25T18:31:00.000Z,wager,Wager,Simulated wager,1,1,sim_v2_fd_bet_0020,,-5600,0,0,33218,33218,0,33218,0,0
1.0,fanduel,sim_v2_fd_account_001,sim_v2_fd_connection_001,sportsbook,DEMO,USD,demo,SYNTHETIC,sim_v2_fd_entry_00043,sim_v2_fd_tx_43,2026-07-25T20:31:00.000Z,payout,Winnings,Simulated payout,1,1,sim_v2_fd_bet_0020,,15400,0,0,48618,48618,0,48618,0,0
1.0,fanduel,sim_v2_fd_account_001,sim_v2_fd_connection_001,sportsbook,DEMO,USD,demo,SYNTHETIC,sim_v2_fd_entry_00044,sim_v2_fd_wager_21,2026-07-26T14:23:00.000Z,wager,Wager,Simulated wager,1,1,sim_v2_fd_bet_0021,,-1400,0,0,47218,47218,0,47218,0,0
1.0,fanduel,sim_v2_fd_account_001,sim_v2_fd_connection_001,sportsbook,DEMO,USD,demo,SYNTHETIC,sim_v2_fd_entry_00045,sim_v2_fd_tx_45,2026-07-26T18:24:00.000Z,bonus_award,Bonus,Simulated bonus award,1,1,,sim_v2_fd_promo_22,0,2800,0,47218,47218,2800,50018,0,0
1.0,fanduel,sim_v2_fd_account_001,sim_v2_fd_connection_001,sportsbook,DEMO,USD,demo,SYNTHETIC,sim_v2_fd_entry_00046,sim_v2_fd_wager_22,2026-07-26T18:25:00.000Z,bonus_wager,Wager,Simulated bonus wager,1,1,sim_v2_fd_bet_0022,sim_v2_fd_promo_22,0,-2800,0,47218,47218,0,47218,0,0
1.0,fanduel,sim_v2_fd_account_001,sim_v2_fd_connection_001,sportsbook,DEMO,USD,demo,SYNTHETIC,sim_v2_fd_entry_00047,sim_v2_fd_tx_47,2026-07-26T20:25:00.000Z,payout,Winnings,Simulated payout,1,1,sim_v2_fd_bet_0022,,10080,0,0,57298,57298,0,57298,0,0
1.0,fanduel,sim_v2_fd_account_001,sim_v2_fd_connection_001,sportsbook,DEMO,USD,demo,SYNTHETIC,sim_v2_fd_entry_00048,sim_v2_fd_wager_23,2026-07-27T14:27:00.000Z,wager,Wager,Simulated wager,1,1,sim_v2_fd_bet_0023,,-4200,0,0,53098,53098,0,53098,0,0
1.0,fanduel,sim_v2_fd_account_001,sim_v2_fd_connection_001,sportsbook,DEMO,USD,demo,SYNTHETIC,sim_v2_fd_entry_00049,sim_v2_fd_wager_24,2026-07-27T18:29:00.000Z,wager,Wager,Simulated wager,1,1,sim_v2_fd_bet_0024,,-5600,0,0,47498,47498,0,47498,0,0
1.0,fanduel,sim_v2_fd_account_001,sim_v2_fd_connection_001,sportsbook,DEMO,USD,demo,SYNTHETIC,sim_v2_fd_entry_00050,sim_v2_fd_tx_50,2026-07-28T14:29:00.000Z,deposit,Deposit,Simulated deposit,1,1,,,18000,0,0,65498,65498,0,65498,0,0
1.0,fanduel,sim_v2_fd_account_001,sim_v2_fd_connection_001,sportsbook,DEMO,USD,demo,SYNTHETIC,sim_v2_fd_entry_00051,sim_v2_fd_wager_25,2026-07-28T14:31:00.000Z,wager,Wager,Simulated wager,1,1,sim_v2_fd_bet_0025,,-1400,0,0,64098,64098,0,64098,0,0
1.0,fanduel,sim_v2_fd_account_001,sim_v2_fd_connection_001,sportsbook,DEMO,USD,demo,SYNTHETIC,sim_v2_fd_entry_00052,sim_v2_fd_wager_26,2026-07-28T18:23:00.000Z,wager,Wager,Simulated wager,1,1,sim_v2_fd_bet_0026,,-2800,0,0,61298,61298,0,61298,0,0
1.0,fanduel,sim_v2_fd_account_001,sim_v2_fd_connection_001,sportsbook,DEMO,USD,demo,SYNTHETIC,sim_v2_fd_entry_00053,sim_v2_fd_tx_53,2026-07-29T14:24:00.000Z,token_award,Bonus,Simulated token award,1,1,,sim_v2_fd_promo_27,0,0,2,61298,61298,0,61298,0,2
1.0,fanduel,sim_v2_fd_account_001,sim_v2_fd_connection_001,sportsbook,DEMO,USD,demo,SYNTHETIC,sim_v2_fd_entry_00054,sim_v2_fd_wager_27,2026-07-29T14:25:00.000Z,wager,Wager,Simulated wager,1,2,sim_v2_fd_bet_0027,sim_v2_fd_promo_27,-4200,0,0,57098,57098,0,57098,0,2
1.0,fanduel,sim_v2_fd_account_001,sim_v2_fd_connection_001,sportsbook,DEMO,USD,demo,SYNTHETIC,sim_v2_fd_entry_00055,sim_v2_fd_wager_27,2026-07-29T14:25:00.000Z,token_used,Bonus,Simulated token used,2,2,sim_v2_fd_bet_0027,sim_v2_fd_promo_27,0,0,-1,57098,57098,0,57098,0,1
1.0,fanduel,sim_v2_fd_account_001,sim_v2_fd_connection_001,sportsbook,DEMO,USD,demo,SYNTHETIC,sim_v2_fd_entry_00056,sim_v2_fd_tx_56,2026-07-29T17:25:00.000Z,token_expired,Bonus,Simulated token expired,1,1,,sim_v2_fd_promo_27,0,0,-1,57098,57098,0,57098,0,0
1.0,fanduel,sim_v2_fd_account_001,sim_v2_fd_connection_001,sportsbook,DEMO,USD,demo,SYNTHETIC,sim_v2_fd_entry_00057,sim_v2_fd_wager_28,2026-07-29T18:27:00.000Z,wager,Wager,Simulated wager,1,1,sim_v2_fd_bet_0028,,-5600,0,0,51498,51498,0,51498,0,0
1.0,fanduel,sim_v2_fd_account_001,sim_v2_fd_connection_001,sportsbook,DEMO,USD,demo,SYNTHETIC,sim_v2_fd_entry_00058,sim_v2_fd_tx_58,2026-07-29T20:27:00.000Z,payout,Winnings,Simulated payout,1,1,sim_v2_fd_bet_0028,,15400,0,0,66898,66898,0,66898,0,0
1.0,fanduel,sim_v2_fd_account_001,sim_v2_fd_connection_001,sportsbook,DEMO,USD,demo,SYNTHETIC,sim_v2_fd_entry_00059,sim_v2_fd_wager_29,2026-07-30T14:29:00.000Z,wager,Wager,Simulated wager,1,1,sim_v2_fd_bet_0029,,-1400,0,0,65498,65498,0,65498,0,0
1.0,fanduel,sim_v2_fd_account_001,sim_v2_fd_connection_001,sportsbook,DEMO,USD,demo,SYNTHETIC,sim_v2_fd_entry_00060,sim_v2_fd_wager_30,2026-07-30T18:31:00.000Z,wager,Wager,Simulated wager,1,1,sim_v2_fd_bet_0030,,-2800,0,0,62698,62698,0,62698,0,0
1.0,fanduel,sim_v2_fd_account_001,sim_v2_fd_connection_001,sportsbook,DEMO,USD,demo,SYNTHETIC,sim_v2_fd_entry_00061,sim_v2_fd_tx_61,2026-07-30T20:31:00.000Z,payout,Winnings,Simulated payout,1,1,sim_v2_fd_bet_0030,,4874,0,0,67572,67572,0,67572,0,0
1.0,fanduel,sim_v2_fd_account_001,sim_v2_fd_connection_001,sportsbook,DEMO,USD,demo,SYNTHETIC,sim_v2_fd_entry_00062,sim_v2_fd_wager_31,2026-07-31T14:23:00.000Z,wager,Wager,Simulated wager,1,1,sim_v2_fd_bet_0031,,-4200,0,0,63372,63372,0,63372,0,0
1.0,fanduel,sim_v2_fd_account_001,sim_v2_fd_connection_001,sportsbook,DEMO,USD,demo,SYNTHETIC,sim_v2_fd_entry_00063,sim_v2_fd_wager_32,2026-07-31T18:25:00.000Z,wager,Wager,Simulated wager,1,1,sim_v2_fd_bet_0032,,-5600,0,0,57772,57772,0,57772,0,0
1.0,fanduel,sim_v2_fd_account_001,sim_v2_fd_connection_001,sportsbook,DEMO,USD,demo,SYNTHETIC,sim_v2_fd_entry_00064,sim_v2_fd_tx_64,2026-07-31T20:25:00.000Z,refund,Refund,Simulated refund,1,1,sim_v2_fd_bet_0032,,5600,0,0,63372,63372,0,63372,0,0
1.0,fanduel,sim_v2_fd_account_001,sim_v2_fd_connection_001,sportsbook,DEMO,USD,demo,SYNTHETIC,sim_v2_fd_entry_00065,sim_v2_fd_wager_33,2026-08-01T14:27:00.000Z,wager,Wager,Simulated wager,1,1,sim_v2_fd_bet_0033,,-1400,0,0,61972,61972,0,61972,0,0
1.0,fanduel,sim_v2_fd_account_001,sim_v2_fd_connection_001,sportsbook,DEMO,USD,demo,SYNTHETIC,sim_v2_fd_entry_00066,sim_v2_fd_wager_34,2026-08-01T18:29:00.000Z,wager,Wager,Simulated wager,1,1,sim_v2_fd_bet_0034,,-2800,0,0,59172,59172,0,59172,0,0
1.0,fanduel,sim_v2_fd_account_001,sim_v2_fd_connection_001,sportsbook,DEMO,USD,demo,SYNTHETIC,sim_v2_fd_entry_00067,sim_v2_fd_tx_67,2026-08-02T14:30:00.000Z,token_award,Bonus,Simulated token award,1,1,,sim_v2_fd_promo_35,0,0,2,59172,59172,0,59172,0,2
1.0,fanduel,sim_v2_fd_account_001,sim_v2_fd_connection_001,sportsbook,DEMO,USD,demo,SYNTHETIC,sim_v2_fd_entry_00068,sim_v2_fd_wager_35,2026-08-02T14:31:00.000Z,wager,Wager,Simulated wager,1,2,sim_v2_fd_bet_0035,sim_v2_fd_promo_35,-4200,0,0,54972,54972,0,54972,0,2
1.0,fanduel,sim_v2_fd_account_001,sim_v2_fd_connection_001,sportsbook,DEMO,USD,demo,SYNTHETIC,sim_v2_fd_entry_00069,sim_v2_fd_wager_35,2026-08-02T14:31:00.000Z,token_used,Bonus,Simulated token used,2,2,sim_v2_fd_bet_0035,sim_v2_fd_promo_35,0,0,-1,54972,54972,0,54972,0,1
1.0,fanduel,sim_v2_fd_account_001,sim_v2_fd_connection_001,sportsbook,DEMO,USD,demo,SYNTHETIC,sim_v2_fd_entry_00070,sim_v2_fd_tx_70,2026-08-02T17:31:00.000Z,token_expired,Bonus,Simulated token expired,1,1,,sim_v2_fd_promo_35,0,0,-1,54972,54972,0,54972,0,0
1.0,fanduel,sim_v2_fd_account_001,sim_v2_fd_connection_001,sportsbook,DEMO,USD,demo,SYNTHETIC,sim_v2_fd_entry_00071,sim_v2_fd_wager_36,2026-08-02T18:23:00.000Z,wager,Wager,Simulated wager,1,1,sim_v2_fd_bet_0036,,-5600,0,0,49372,49372,0,49372,0,0
1.0,fanduel,sim_v2_fd_account_001,sim_v2_fd_connection_001,sportsbook,DEMO,USD,demo,SYNTHETIC,sim_v2_fd_entry_00072,sim_v2_fd_wager_37,2026-08-03T14:25:00.000Z,wager,Wager,Simulated wager,1,1,sim_v2_fd_bet_0037,,-1400,0,0,47972,47972,0,47972,0,0
1.0,fanduel,sim_v2_fd_account_001,sim_v2_fd_connection_001,sportsbook,DEMO,USD,demo,SYNTHETIC,sim_v2_fd_entry_00073,sim_v2_fd_wager_38,2026-08-03T18:27:00.000Z,wager,Wager,Simulated wager,1,1,sim_v2_fd_bet_0038,,-2800,0,0,45172,45172,0,45172,0,0
1.0,fanduel,sim_v2_fd_account_001,sim_v2_fd_connection_001,sportsbook,DEMO,USD,demo,SYNTHETIC,sim_v2_fd_entry_00074,sim_v2_fd_tx_74,2026-08-03T20:27:00.000Z,payout,Winnings,Simulated payout,1,1,sim_v2_fd_bet_0038,,4874,0,0,50046,50046,0,50046,0,0
1.0,fanduel,sim_v2_fd_account_001,sim_v2_fd_connection_001,sportsbook,DEMO,USD,demo,SYNTHETIC,sim_v2_fd_entry_00075,sim_v2_fd_tx_75,2026-08-04T14:28:00.000Z,bonus_award,Bonus,Simulated bonus award,1,1,,sim_v2_fd_promo_39,0,9200,0,50046,50046,9200,59246,0,0
1.0,fanduel,sim_v2_fd_account_001,sim_v2_fd_connection_001,sportsbook,DEMO,USD,demo,SYNTHETIC,sim_v2_fd_entry_00076,sim_v2_fd_wager_39,2026-08-04T14:29:00.000Z,bonus_wager,Wager,Simulated bonus wager,1,1,sim_v2_fd_bet_0039,sim_v2_fd_promo_39,0,-9200,0,50046,50046,0,50046,0,0
1.0,fanduel,sim_v2_fd_account_001,sim_v2_fd_connection_001,sportsbook,DEMO,USD,demo,SYNTHETIC,sim_v2_fd_entry_00077,sim_v2_fd_wager_40,2026-08-04T18:31:00.000Z,wager,Wager,Simulated wager,1,1,sim_v2_fd_bet_0040,,-12400,0,0,37646,37646,0,37646,0,0
1.0,fanduel,sim_v2_fd_account_001,sim_v2_fd_connection_001,sportsbook,DEMO,USD,demo,SYNTHETIC,sim_v2_fd_entry_00078,sim_v2_fd_wager_41,2026-08-05T14:23:00.000Z,wager,Wager,Simulated wager,1,1,sim_v2_fd_bet_0041,,-1400,0,0,36246,36246,0,36246,0,0
1.0,fanduel,sim_v2_fd_account_001,sim_v2_fd_connection_001,sportsbook,DEMO,USD,demo,SYNTHETIC,sim_v2_fd_entry_00079,sim_v2_fd_tx_79,2026-08-05T16:23:00.000Z,payout,Winnings,Simulated payout,1,1,sim_v2_fd_bet_0041,,2618,0,0,38864,38864,0,38864,0,0
1.0,fanduel,sim_v2_fd_account_001,sim_v2_fd_connection_001,sportsbook,DEMO,USD,demo,SYNTHETIC,sim_v2_fd_entry_00080,sim_v2_fd_wager_42,2026-08-05T18:25:00.000Z,wager,Wager,Simulated wager,1,1,sim_v2_fd_bet_0042,,-2800,0,0,36064,36064,0,36064,0,0
1.0,fanduel,sim_v2_fd_account_001,sim_v2_fd_connection_001,sportsbook,DEMO,USD,demo,SYNTHETIC,sim_v2_fd_entry_00081,sim_v2_fd_tx_81,2026-08-06T14:26:00.000Z,token_award,Bonus,Simulated token award,1,1,,sim_v2_fd_promo_43,0,0,2,36064,36064,0,36064,0,2
1.0,fanduel,sim_v2_fd_account_001,sim_v2_fd_connection_001,sportsbook,DEMO,USD,demo,SYNTHETIC,sim_v2_fd_entry_00082,sim_v2_fd_wager_43,2026-08-06T14:27:00.000Z,wager,Wager,Simulated wager,1,2,sim_v2_fd_bet_0043,sim_v2_fd_promo_43,-4200,0,0,31864,31864,0,31864,0,2
1.0,fanduel,sim_v2_fd_account_001,sim_v2_fd_connection_001,sportsbook,DEMO,USD,demo,SYNTHETIC,sim_v2_fd_entry_00083,sim_v2_fd_wager_43,2026-08-06T14:27:00.000Z,token_used,Bonus,Simulated token used,2,2,sim_v2_fd_bet_0043,sim_v2_fd_promo_43,0,0,-1,31864,31864,0,31864,0,1
1.0,fanduel,sim_v2_fd_account_001,sim_v2_fd_connection_001,sportsbook,DEMO,USD,demo,SYNTHETIC,sim_v2_fd_entry_00084,sim_v2_fd_tx_84,2026-08-06T17:27:00.000Z,token_expired,Bonus,Simulated token expired,1,1,,sim_v2_fd_promo_43,0,0,-1,31864,31864,0,31864,0,0
1.0,fanduel,sim_v2_fd_account_001,sim_v2_fd_connection_001,sportsbook,DEMO,USD,demo,SYNTHETIC,sim_v2_fd_entry_00085,sim_v2_fd_wager_44,2026-08-06T18:29:00.000Z,wager,Wager,Simulated wager,1,1,sim_v2_fd_bet_0044,,-5600,0,0,26264,26264,0,26264,0,0
1.0,fanduel,sim_v2_fd_account_001,sim_v2_fd_connection_001,sportsbook,DEMO,USD,demo,SYNTHETIC,sim_v2_fd_entry_00086,sim_v2_fd_wager_45,2026-08-07T14:31:00.000Z,wager,Wager,Simulated wager,1,1,sim_v2_fd_bet_0045,,-1400,0,0,24864,24864,0,24864,0,0
1.0,fanduel,sim_v2_fd_account_001,sim_v2_fd_connection_001,sportsbook,DEMO,USD,demo,SYNTHETIC,sim_v2_fd_entry_00087,sim_v2_fd_wager_46,2026-08-07T18:23:00.000Z,wager,Wager,Simulated wager,1,1,sim_v2_fd_bet_0046,,-2800,0,0,22064,22064,0,22064,0,0
1.0,fanduel,sim_v2_fd_account_001,sim_v2_fd_connection_001,sportsbook,DEMO,USD,demo,SYNTHETIC,sim_v2_fd_entry_00088,sim_v2_fd_tx_88,2026-08-07T20:23:00.000Z,payout,Winnings,Simulated payout,1,1,sim_v2_fd_bet_0046,,4874,0,0,26938,26938,0,26938,0,0
1.0,fanduel,sim_v2_fd_account_001,sim_v2_fd_connection_001,sportsbook,DEMO,USD,demo,SYNTHETIC,sim_v2_fd_entry_00089,sim_v2_fd_wager_47,2026-08-08T14:25:00.000Z,wager,Wager,Simulated wager,1,1,sim_v2_fd_bet_0047,,-4200,0,0,22738,22738,0,22738,0,0
1.0,fanduel,sim_v2_fd_account_001,sim_v2_fd_connection_001,sportsbook,DEMO,USD,demo,SYNTHETIC,sim_v2_fd_entry_00090,sim_v2_fd_tx_90,2026-08-08T16:25:00.000Z,payout,Winnings,Simulated payout,1,1,sim_v2_fd_bet_0047,,10290,0,0,33028,33028,0,33028,0,0
1.0,fanduel,sim_v2_fd_account_001,sim_v2_fd_connection_001,sportsbook,DEMO,USD,demo,SYNTHETIC,sim_v2_fd_entry_00091,sim_v2_fd_wager_48,2026-08-08T18:27:00.000Z,wager,Wager,Simulated wager,1,1,sim_v2_fd_bet_0048,,-5600,0,0,27428,27428,0,27428,0,0
1.0,fanduel,sim_v2_fd_account_001,sim_v2_fd_connection_001,sportsbook,DEMO,USD,demo,SYNTHETIC,sim_v2_fd_entry_00092,sim_v2_fd_tx_92,2026-08-08T20:27:00.000Z,refund,Refund,Simulated refund,1,1,sim_v2_fd_bet_0048,,5600,0,0,33028,33028,0,33028,0,0
1.0,fanduel,sim_v2_fd_account_001,sim_v2_fd_connection_001,sportsbook,DEMO,USD,demo,SYNTHETIC,sim_v2_fd_entry_00093,sim_v2_fd_wager_49,2026-08-09T14:29:00.000Z,wager,Wager,Simulated wager,1,1,sim_v2_fd_bet_0049,,-1400,0,0,31628,31628,0,31628,0,0
1.0,fanduel,sim_v2_fd_account_001,sim_v2_fd_connection_001,sportsbook,DEMO,USD,demo,SYNTHETIC,sim_v2_fd_entry_00094,sim_v2_fd_wager_50,2026-08-09T18:31:00.000Z,wager,Wager,Simulated wager,1,1,sim_v2_fd_bet_0050,,-2800,0,0,28828,28828,0,28828,0,0
1.0,fanduel,sim_v2_fd_account_001,sim_v2_fd_connection_001,sportsbook,DEMO,USD,demo,SYNTHETIC,sim_v2_fd_entry_00095,sim_v2_fd_tx_95,2026-08-10T14:21:00.000Z,deposit,Deposit,Simulated deposit,1,1,,,18000,0,0,46828,46828,0,46828,0,0
1.0,fanduel,sim_v2_fd_account_001,sim_v2_fd_connection_001,sportsbook,DEMO,USD,demo,SYNTHETIC,sim_v2_fd_entry_00096,sim_v2_fd_tx_96,2026-08-10T14:22:00.000Z,token_award,Bonus,Simulated token award,1,1,,sim_v2_fd_promo_51,0,0,2,46828,46828,0,46828,0,2
1.0,fanduel,sim_v2_fd_account_001,sim_v2_fd_connection_001,sportsbook,DEMO,USD,demo,SYNTHETIC,sim_v2_fd_entry_00097,sim_v2_fd_wager_51,2026-08-10T14:23:00.000Z,wager,Wager,Simulated wager,1,2,sim_v2_fd_bet_0051,sim_v2_fd_promo_51,-4200,0,0,42628,42628,0,42628,0,2
1.0,fanduel,sim_v2_fd_account_001,sim_v2_fd_connection_001,sportsbook,DEMO,USD,demo,SYNTHETIC,sim_v2_fd_entry_00098,sim_v2_fd_wager_51,2026-08-10T14:23:00.000Z,token_used,Bonus,Simulated token used,2,2,sim_v2_fd_bet_0051,sim_v2_fd_promo_51,0,0,-1,42628,42628,0,42628,0,1
1.0,fanduel,sim_v2_fd_account_001,sim_v2_fd_connection_001,sportsbook,DEMO,USD,demo,SYNTHETIC,sim_v2_fd_entry_00099,sim_v2_fd_tx_99,2026-08-10T17:23:00.000Z,token_expired,Bonus,Simulated token expired,1,1,,sim_v2_fd_promo_51,0,0,-1,42628,42628,0,42628,0,0
1.0,fanduel,sim_v2_fd_account_001,sim_v2_fd_connection_001,sportsbook,DEMO,USD,demo,SYNTHETIC,sim_v2_fd_entry_00100,sim_v2_fd_wager_52,2026-08-10T18:25:00.000Z,wager,Wager,Simulated wager,1,1,sim_v2_fd_bet_0052,,-5600,0,0,37028,37028,0,37028,0,0
1.0,fanduel,sim_v2_fd_account_001,sim_v2_fd_connection_001,sportsbook,DEMO,USD,demo,SYNTHETIC,sim_v2_fd_entry_00101,sim_v2_fd_wager_53,2026-08-11T14:27:00.000Z,wager,Wager,Simulated wager,1,1,sim_v2_fd_bet_0053,,-1400,0,0,35628,35628,0,35628,0,0
1.0,fanduel,sim_v2_fd_account_001,sim_v2_fd_connection_001,sportsbook,DEMO,USD,demo,SYNTHETIC,sim_v2_fd_entry_00102,sim_v2_fd_wager_54,2026-08-11T18:29:00.000Z,wager,Wager,Simulated wager,1,1,sim_v2_fd_bet_0054,,-2800,0,0,32828,32828,0,32828,0,0
1.0,fanduel,sim_v2_fd_account_001,sim_v2_fd_connection_001,sportsbook,DEMO,USD,demo,SYNTHETIC,sim_v2_fd_entry_00103,sim_v2_fd_wager_55,2026-08-12T14:31:00.000Z,wager,Wager,Simulated wager,1,1,sim_v2_fd_bet_0055,,-4200,0,0,28628,28628,0,28628,0,0
1.0,fanduel,sim_v2_fd_account_001,sim_v2_fd_connection_001,sportsbook,DEMO,USD,demo,SYNTHETIC,sim_v2_fd_entry_00104,sim_v2_fd_tx_104,2026-08-12T16:31:00.000Z,payout,Winnings,Simulated payout,1,1,sim_v2_fd_bet_0055,,10290,0,0,38918,38918,0,38918,0,0
1.0,fanduel,sim_v2_fd_account_001,sim_v2_fd_connection_001,sportsbook,DEMO,USD,demo,SYNTHETIC,sim_v2_fd_entry_00105,sim_v2_fd_tx_105,2026-08-12T18:22:00.000Z,bonus_award,Bonus,Simulated bonus award,1,1,,sim_v2_fd_promo_56,0,5600,0,38918,38918,5600,44518,0,0
1.0,fanduel,sim_v2_fd_account_001,sim_v2_fd_connection_001,sportsbook,DEMO,USD,demo,SYNTHETIC,sim_v2_fd_entry_00106,sim_v2_fd_wager_56,2026-08-12T18:23:00.000Z,bonus_wager,Wager,Simulated bonus wager,1,1,sim_v2_fd_bet_0056,sim_v2_fd_promo_56,0,-5600,0,38918,38918,0,38918,0,0
1.0,fanduel,sim_v2_fd_account_001,sim_v2_fd_connection_001,sportsbook,DEMO,USD,demo,SYNTHETIC,sim_v2_fd_entry_00107,sim_v2_fd_tx_107,2026-08-12T20:23:00.000Z,payout,Winnings,Simulated payout,1,1,sim_v2_fd_bet_0056,,9800,0,0,48718,48718,0,48718,0,0
1.0,fanduel,sim_v2_fd_account_001,sim_v2_fd_connection_001,sportsbook,DEMO,USD,demo,SYNTHETIC,sim_v2_fd_entry_00108,sim_v2_fd_wager_57,2026-08-13T14:25:00.000Z,wager,Wager,Simulated wager,1,1,sim_v2_fd_bet_0057,,-1400,0,0,47318,47318,0,47318,0,0
1.0,fanduel,sim_v2_fd_account_001,sim_v2_fd_connection_001,sportsbook,DEMO,USD,demo,SYNTHETIC,sim_v2_fd_entry_00109,sim_v2_fd_tx_109,2026-08-13T17:35:00.000Z,withdrawal,Withdrawal,Simulated withdrawal,1,1,,,-13000,0,0,34318,34318,0,34318,0,0
1.0,fanduel,sim_v2_fd_account_001,sim_v2_fd_connection_001,sportsbook,DEMO,USD,demo,SYNTHETIC,sim_v2_fd_entry_00110,sim_v2_fd_wager_58,2026-08-13T18:27:00.000Z,wager,Wager,Simulated wager,1,1,sim_v2_fd_bet_0058,,-2800,0,0,31518,31518,0,31518,0,0
1.0,fanduel,sim_v2_fd_account_001,sim_v2_fd_connection_001,sportsbook,DEMO,USD,demo,SYNTHETIC,sim_v2_fd_entry_00111,sim_v2_fd_tx_111,2026-08-13T20:27:00.000Z,payout,Winnings,Simulated payout,1,1,sim_v2_fd_bet_0058,,4874,0,0,36392,36392,0,36392,0,0
1.0,fanduel,sim_v2_fd_account_001,sim_v2_fd_connection_001,sportsbook,DEMO,USD,demo,SYNTHETIC,sim_v2_fd_entry_00112,sim_v2_fd_tx_112,2026-08-14T14:28:00.000Z,token_award,Bonus,Simulated token award,1,1,,sim_v2_fd_promo_59,0,0,2,36392,36392,0,36392,0,2
1.0,fanduel,sim_v2_fd_account_001,sim_v2_fd_connection_001,sportsbook,DEMO,USD,demo,SYNTHETIC,sim_v2_fd_entry_00113,sim_v2_fd_wager_59,2026-08-14T14:29:00.000Z,wager,Wager,Simulated wager,1,2,sim_v2_fd_bet_0059,sim_v2_fd_promo_59,-4200,0,0,32192,32192,0,32192,0,2
1.0,fanduel,sim_v2_fd_account_001,sim_v2_fd_connection_001,sportsbook,DEMO,USD,demo,SYNTHETIC,sim_v2_fd_entry_00114,sim_v2_fd_wager_59,2026-08-14T14:29:00.000Z,token_used,Bonus,Simulated token used,2,2,sim_v2_fd_bet_0059,sim_v2_fd_promo_59,0,0,-1,32192,32192,0,32192,0,1
1.0,fanduel,sim_v2_fd_account_001,sim_v2_fd_connection_001,sportsbook,DEMO,USD,demo,SYNTHETIC,sim_v2_fd_entry_00115,sim_v2_fd_tx_115,2026-08-14T17:29:00.000Z,token_expired,Bonus,Simulated token expired,1,1,,sim_v2_fd_promo_59,0,0,-1,32192,32192,0,32192,0,0
1.0,fanduel,sim_v2_fd_account_001,sim_v2_fd_connection_001,sportsbook,DEMO,USD,demo,SYNTHETIC,sim_v2_fd_entry_00116,sim_v2_fd_wager_60,2026-08-14T18:31:00.000Z,wager,Wager,Simulated wager,1,1,sim_v2_fd_bet_0060,,-5600,0,0,26592,26592,0,26592,0,0
1.0,fanduel,sim_v2_fd_account_001,sim_v2_fd_connection_001,sportsbook,DEMO,USD,demo,SYNTHETIC,sim_v2_fd_entry_00117,sim_v2_fd_wager_61,2026-08-15T14:23:00.000Z,wager,Wager,Simulated wager,1,1,sim_v2_fd_bet_0061,,-1400,0,0,25192,25192,0,25192,0,0
1.0,fanduel,sim_v2_fd_account_001,sim_v2_fd_connection_001,sportsbook,DEMO,USD,demo,SYNTHETIC,sim_v2_fd_entry_00118,sim_v2_fd_wager_62,2026-08-15T18:25:00.000Z,wager,Wager,Simulated wager,1,1,sim_v2_fd_bet_0062,,-2800,0,0,22392,22392,0,22392,0,0
1.0,fanduel,sim_v2_fd_account_001,sim_v2_fd_connection_001,sportsbook,DEMO,USD,demo,SYNTHETIC,sim_v2_fd_entry_00119,sim_v2_fd_tx_119,2026-08-15T20:25:00.000Z,payout,Winnings,Simulated payout,1,1,sim_v2_fd_bet_0062,,4874,0,0,27266,27266,0,27266,0,0
1.0,fanduel,sim_v2_fd_account_001,sim_v2_fd_connection_001,sportsbook,DEMO,USD,demo,SYNTHETIC,sim_v2_fd_entry_00120,sim_v2_fd_wager_63,2026-08-16T14:27:00.000Z,wager,Wager,Simulated wager,1,1,sim_v2_fd_bet_0063,,-4200,0,0,23066,23066,0,23066,0,0
1.0,fanduel,sim_v2_fd_account_001,sim_v2_fd_connection_001,sportsbook,DEMO,USD,demo,SYNTHETIC,sim_v2_fd_entry_00121,sim_v2_fd_wager_64,2026-08-16T18:29:00.000Z,wager,Wager,Simulated wager,1,1,sim_v2_fd_bet_0064,,-5600,0,0,17466,17466,0,17466,0,0
1.0,fanduel,sim_v2_fd_account_001,sim_v2_fd_connection_001,sportsbook,DEMO,USD,demo,SYNTHETIC,sim_v2_fd_entry_00122,sim_v2_fd_wager_65,2026-08-17T14:31:00.000Z,wager,Wager,Simulated wager,1,1,sim_v2_fd_bet_0065,,-1400,0,0,16066,16066,0,16066,0,0
1.0,fanduel,sim_v2_fd_account_001,sim_v2_fd_connection_001,sportsbook,DEMO,USD,demo,SYNTHETIC,sim_v2_fd_entry_00123,sim_v2_fd_wager_66,2026-08-17T18:23:00.000Z,wager,Wager,Simulated wager,1,1,sim_v2_fd_bet_0066,,-2800,0,0,13266,13266,0,13266,0,0
1.0,fanduel,sim_v2_fd_account_001,sim_v2_fd_connection_001,sportsbook,DEMO,USD,demo,SYNTHETIC,sim_v2_fd_entry_00124,sim_v2_fd_tx_124,2026-08-18T14:24:00.000Z,token_award,Bonus,Simulated token award,1,1,,sim_v2_fd_promo_67,0,0,2,13266,13266,0,13266,0,2
1.0,fanduel,sim_v2_fd_account_001,sim_v2_fd_connection_001,sportsbook,DEMO,USD,demo,SYNTHETIC,sim_v2_fd_entry_00125,sim_v2_fd_wager_67,2026-08-18T14:25:00.000Z,wager,Wager,Simulated wager,1,2,sim_v2_fd_bet_0067,sim_v2_fd_promo_67,-4200,0,0,9066,9066,0,9066,0,2
1.0,fanduel,sim_v2_fd_account_001,sim_v2_fd_connection_001,sportsbook,DEMO,USD,demo,SYNTHETIC,sim_v2_fd_entry_00126,sim_v2_fd_wager_67,2026-08-18T14:25:00.000Z,token_used,Bonus,Simulated token used,2,2,sim_v2_fd_bet_0067,sim_v2_fd_promo_67,0,0,-1,9066,9066,0,9066,0,1
1.0,fanduel,sim_v2_fd_account_001,sim_v2_fd_connection_001,sportsbook,DEMO,USD,demo,SYNTHETIC,sim_v2_fd_entry_00127,sim_v2_fd_tx_127,2026-08-18T16:25:00.000Z,payout,Winnings,Simulated payout,1,1,sim_v2_fd_bet_0067,,11508,0,0,20574,20574,0,20574,0,1
1.0,fanduel,sim_v2_fd_account_001,sim_v2_fd_connection_001,sportsbook,DEMO,USD,demo,SYNTHETIC,sim_v2_fd_entry_00128,sim_v2_fd_tx_128,2026-08-18T17:25:00.000Z,token_expired,Bonus,Simulated token expired,1,1,,sim_v2_fd_promo_67,0,0,-1,20574,20574,0,20574,0,0
1.0,fanduel,sim_v2_fd_account_001,sim_v2_fd_connection_001,sportsbook,DEMO,USD,demo,SYNTHETIC,sim_v2_fd_entry_00129,sim_v2_fd_wager_68,2026-08-18T18:27:00.000Z,wager,Wager,Simulated wager,1,1,sim_v2_fd_bet_0068,,-5600,0,0,14974,14974,0,14974,0,0
1.0,fanduel,sim_v2_fd_account_001,sim_v2_fd_connection_001,sportsbook,DEMO,USD,demo,SYNTHETIC,sim_v2_fd_entry_00130,sim_v2_fd_wager_69,2026-08-19T14:29:00.000Z,wager,Wager,Simulated wager,1,1,sim_v2_fd_bet_0069,,-1400,0,0,13574,13574,0,13574,0,0
1.0,fanduel,sim_v2_fd_account_001,sim_v2_fd_connection_001,sportsbook,DEMO,USD,demo,SYNTHETIC,sim_v2_fd_entry_00131,sim_v2_fd_wager_70,2026-08-19T18:31:00.000Z,wager,Wager,Simulated wager,1,1,sim_v2_fd_bet_0070,,-2800,0,0,10774,10774,0,10774,0,0
1.0,fanduel,sim_v2_fd_account_001,sim_v2_fd_connection_001,sportsbook,DEMO,USD,demo,SYNTHETIC,sim_v2_fd_entry_00132,sim_v2_fd_wager_71,2026-08-20T14:23:00.000Z,wager,Wager,Simulated wager,1,1,sim_v2_fd_bet_0071,,-4200,0,0,6574,6574,0,6574,0,0
1.0,fanduel,sim_v2_fd_account_001,sim_v2_fd_connection_001,sportsbook,DEMO,USD,demo,SYNTHETIC,sim_v2_fd_entry_00133,sim_v2_fd_tx_133,2026-08-20T18:23:00.000Z,deposit,Deposit,Simulated deposit,1,1,,,18000,0,0,24574,24574,0,24574,0,0
1.0,fanduel,sim_v2_fd_account_001,sim_v2_fd_connection_001,sportsbook,DEMO,USD,demo,SYNTHETIC,sim_v2_fd_entry_00134,sim_v2_fd_wager_72,2026-08-20T18:25:00.000Z,wager,Wager,Simulated wager,1,1,sim_v2_fd_bet_0072,,-5600,0,0,18974,18974,0,18974,0,0
