schema_version,provider,account_id,connection_id,product,jurisdiction,currency,data_mode,source,bet_id,placed_at,settled_at,sport,league,event,market,selection,bet_type,legs,odds_american,stake_minor,cash_stake_minor,bonus_stake_minor,status,result,payout_minor,refund_minor,promotion_id,profit_boost_percent,wager_transaction_id,wager_entry_id,settlement_entry_id,event_details_status
1.0,fanduel,sim_v2_fd_account_001,sim_v2_fd_connection_001,sportsbook,DEMO,USD,demo,SYNTHETIC,sim_v2_fd_bet_0001,2026-07-16T14:23:00.000Z,2026-07-16T16:23:00.000Z,Basketball,Fictional Simulation League,Demo Cedar 1 vs Demo Quartz 1,Two-leg combined market,Demo Cedar win and game total over 163.5,Parlay,2,360,1400,1400,0,lost,Lost,0,0,,0,sim_v2_fd_wager_1,sim_v2_fd_entry_00002,,fictional
1.0,fanduel,sim_v2_fd_account_001,sim_v2_fd_connection_001,sportsbook,DEMO,USD,demo,SYNTHETIC,sim_v2_fd_bet_0002,2026-07-16T18:25:00.000Z,2026-07-16T20:25:00.000Z,Basketball,Fictional Simulation League,Demo Cedar 2 vs Demo Quartz 2,Moneyline,Demo Cedar to win,Straight,1,-135,2800,2800,0,won,Won,4874,0,,0,sim_v2_fd_wager_2,sim_v2_fd_entry_00003,sim_v2_fd_entry_00004,fictional
1.0,fanduel,sim_v2_fd_account_001,sim_v2_fd_connection_001,sportsbook,DEMO,USD,demo,SYNTHETIC,sim_v2_fd_bet_0003,2026-07-17T14:27:00.000Z,2026-07-17T16:27:00.000Z,Basketball,Fictional Simulation League,Demo Cedar 3 vs Demo Quartz 3,Moneyline,Demo Cedar to win,Straight,1,145,4200,4200,0,won,Won,11508,0,sim_v2_fd_promo_3,20,sim_v2_fd_wager_3,sim_v2_fd_entry_00006,sim_v2_fd_entry_00008,fictional
1.0,fanduel,sim_v2_fd_account_001,sim_v2_fd_connection_001,sportsbook,DEMO,USD,demo,SYNTHETIC,sim_v2_fd_bet_0004,2026-07-17T18:29:00.000Z,2026-07-17T20:29:00.000Z,Basketball,Fictional Simulation League,Demo Cedar 4 vs Demo Quartz 4,Moneyline,Demo Cedar to win,Straight,1,175,5600,5600,0,won,Won,15400,0,,0,sim_v2_fd_wager_4,sim_v2_fd_entry_00010,sim_v2_fd_entry_00011,fictional
1.0,fanduel,sim_v2_fd_account_001,sim_v2_fd_connection_001,sportsbook,DEMO,USD,demo,SYNTHETIC,sim_v2_fd_bet_0005,2026-07-18T14:31:00.000Z,2026-07-18T16:31:00.000Z,Basketball,Fictional Simulation League,Demo Cedar 5 vs Demo Quartz 5,Moneyline,Demo Cedar to win,Straight,1,-115,1400,0,1400,lost,Lost,0,0,sim_v2_fd_promo_5,0,sim_v2_fd_wager_5,sim_v2_fd_entry_00013,,fictional
1.0,fanduel,sim_v2_fd_account_001,sim_v2_fd_connection_001,sportsbook,DEMO,USD,demo,SYNTHETIC,sim_v2_fd_bet_0006,2026-07-18T18:23:00.000Z,2026-07-18T20:23:00.000Z,Basketball,Fictional Simulation League,Demo Cedar 6 vs Demo Quartz 6,Moneyline,Demo Cedar to win,Straight,1,-135,2800,2800,0,lost,Lost,0,0,,0,sim_v2_fd_wager_6,sim_v2_fd_entry_00014,,fictional
1.0,fanduel,sim_v2_fd_account_001,sim_v2_fd_connection_001,sportsbook,DEMO,USD,demo,SYNTHETIC,sim_v2_fd_bet_0007,2026-07-19T14:25:00.000Z,2026-07-19T16:25:00.000Z,Basketball,Fictional Simulation League,Demo Cedar 7 vs Demo Quartz 7,Moneyline,Demo Cedar to win,Straight,1,145,4200,4200,0,lost,Lost,0,0,,0,sim_v2_fd_wager_7,sim_v2_fd_entry_00015,,fictional
1.0,fanduel,sim_v2_fd_account_001,sim_v2_fd_connection_001,sportsbook,DEMO,USD,demo,SYNTHETIC,sim_v2_fd_bet_0008,2026-07-19T18:27:00.000Z,2026-07-19T20:27:00.000Z,Basketball,Fictional Simulation League,Demo Cedar 8 vs Demo Quartz 8,Two-leg combined market,Demo Cedar win and game total over 163.5,Parlay,2,360,5600,5600,0,lost,Lost,0,0,,0,sim_v2_fd_wager_8,sim_v2_fd_entry_00016,,fictional
1.0,fanduel,sim_v2_fd_account_001,sim_v2_fd_connection_001,sportsbook,DEMO,USD,demo,SYNTHETIC,sim_v2_fd_bet_0009,2026-07-20T14:29:00.000Z,2026-07-20T16:29:00.000Z,Basketball,Fictional Simulation League,Demo Cedar 9 vs Demo Quartz 9,Moneyline,Demo Cedar to win,Straight,1,-115,1400,1400,0,won,Won,2618,0,,0,sim_v2_fd_wager_9,sim_v2_fd_entry_00017,sim_v2_fd_entry_00018,fictional
1.0,fanduel,sim_v2_fd_account_001,sim_v2_fd_connection_001,sportsbook,DEMO,USD,demo,SYNTHETIC,sim_v2_fd_bet_0010,2026-07-20T18:31:00.000Z,2026-07-20T20:31:00.000Z,Basketball,Fictional Simulation League,Demo Cedar 10 vs Demo Quartz 10,Moneyline,Demo Cedar to win,Straight,1,-135,2800,2800,0,lost,Lost,0,0,,0,sim_v2_fd_wager_10,sim_v2_fd_entry_00019,,fictional
1.0,fanduel,sim_v2_fd_account_001,sim_v2_fd_connection_001,sportsbook,DEMO,USD,demo,SYNTHETIC,sim_v2_fd_bet_0011,2026-07-21T14:23:00.000Z,2026-07-21T16:23:00.000Z,Basketball,Fictional Simulation League,Demo Cedar 11 vs Demo Quartz 11,Moneyline,Demo Cedar to win,Straight,1,145,4200,4200,0,won,Won,11508,0,sim_v2_fd_promo_11,20,sim_v2_fd_wager_11,sim_v2_fd_entry_00021,sim_v2_fd_entry_00023,fictional
1.0,fanduel,sim_v2_fd_account_001,sim_v2_fd_connection_001,sportsbook,DEMO,USD,demo,SYNTHETIC,sim_v2_fd_bet_0012,2026-07-21T18:25:00.000Z,2026-07-21T20:25:00.000Z,Basketball,Fictional Simulation League,Demo Cedar 12 vs Demo Quartz 12,Moneyline,Demo Cedar to win,Straight,1,175,5600,5600,0,won,Won,15400,0,,0,sim_v2_fd_wager_12,sim_v2_fd_entry_00025,sim_v2_fd_entry_00026,fictional
1.0,fanduel,sim_v2_fd_account_001,sim_v2_fd_connection_001,sportsbook,DEMO,USD,demo,SYNTHETIC,sim_v2_fd_bet_0013,2026-07-22T14:27:00.000Z,2026-07-22T16:27:00.000Z,Basketball,Fictional Simulation League,Demo Cedar 13 vs Demo Quartz 13,Moneyline,Demo Cedar to win,Straight,1,-115,1400,1400,0,won,Won,2618,0,,0,sim_v2_fd_wager_13,sim_v2_fd_entry_00027,sim_v2_fd_entry_00028,fictional
1.0,fanduel,sim_v2_fd_account_001,sim_v2_fd_connection_001,sportsbook,DEMO,USD,demo,SYNTHETIC,sim_v2_fd_bet_0014,2026-07-22T18:29:00.000Z,2026-07-22T20:29:00.000Z,Basketball,Fictional Simulation League,Demo Cedar 14 vs Demo Quartz 14,Moneyline,Demo Cedar to win,Straight,1,-135,2800,2800,0,lost,Lost,0,0,,0,sim_v2_fd_wager_14,sim_v2_fd_entry_00029,,fictional
1.0,fanduel,sim_v2_fd_account_001,sim_v2_fd_connection_001,sportsbook,DEMO,USD,demo,SYNTHETIC,sim_v2_fd_bet_0015,2026-07-23T14:31:00.000Z,2026-07-23T16:31:00.000Z,Basketball,Fictional Simulation League,Demo Cedar 15 vs Demo Quartz 15,Two-leg combined market,Demo Cedar win and game total over 163.5,Parlay,2,360,4200,4200,0,lost,Lost,0,0,,0,sim_v2_fd_wager_15,sim_v2_fd_entry_00030,,fictional
1.0,fanduel,sim_v2_fd_account_001,sim_v2_fd_connection_001,sportsbook,DEMO,USD,demo,SYNTHETIC,sim_v2_fd_bet_0016,2026-07-23T18:23:00.000Z,2026-07-23T20:23:00.000Z,Basketball,Fictional Simulation League,Demo Cedar 16 vs Demo Quartz 16,Moneyline,Demo Cedar to win,Straight,1,175,5600,5600,0,won,Won,15400,0,,0,sim_v2_fd_wager_16,sim_v2_fd_entry_00031,sim_v2_fd_entry_00032,fictional
1.0,fanduel,sim_v2_fd_account_001,sim_v2_fd_connection_001,sportsbook,DEMO,USD,demo,SYNTHETIC,sim_v2_fd_bet_0017,2026-07-24T14:25:00.000Z,2026-07-24T16:25:00.000Z,Basketball,Fictional Simulation League,Demo Cedar 17 vs Demo Quartz 17,Moneyline,Demo Cedar to win,Straight,1,-115,1400,1400,0,won,Won,2618,0,,0,sim_v2_fd_wager_17,sim_v2_fd_entry_00033,sim_v2_fd_entry_00034,fictional
1.0,fanduel,sim_v2_fd_account_001,sim_v2_fd_connection_001,sportsbook,DEMO,USD,demo,SYNTHETIC,sim_v2_fd_bet_0018,2026-07-24T18:27:00.000Z,2026-07-24T20:27:00.000Z,Basketball,Fictional Simulation League,Demo Cedar 18 vs Demo Quartz 18,Moneyline,Demo Cedar to win,Straight,1,-135,2800,2800,0,won,Won,4874,0,,0,sim_v2_fd_wager_18,sim_v2_fd_entry_00035,sim_v2_fd_entry_00036,fictional
1.0,fanduel,sim_v2_fd_account_001,sim_v2_fd_connection_001,sportsbook,DEMO,USD,demo,SYNTHETIC,sim_v2_fd_bet_0019,2026-07-25T14:29:00.000Z,2026-07-25T16:29:00.000Z,Basketball,Fictional Simulation League,Demo Cedar 19 vs Demo Quartz 19,Moneyline,Demo Cedar to win,Straight,1,145,4200,4200,0,lost,Lost,0,0,sim_v2_fd_promo_19,20,sim_v2_fd_wager_19,sim_v2_fd_entry_00038,,fictional
1.0,fanduel,sim_v2_fd_account_001,sim_v2_fd_connection_001,sportsbook,DEMO,USD,demo,SYNTHETIC,sim_v2_fd_bet_0020,2026-07-25T18:31:00.000Z,2026-07-25T20:31:00.000Z,Basketball,Fictional Simulation League,Demo Cedar 20 vs Demo Quartz 20,Moneyline,Demo Cedar to win,Straight,1,175,5600,5600,0,won,Won,15400,0,,0,sim_v2_fd_wager_20,sim_v2_fd_entry_00042,sim_v2_fd_entry_00043,fictional
1.0,fanduel,sim_v2_fd_account_001,sim_v2_fd_connection_001,sportsbook,DEMO,USD,demo,SYNTHETIC,sim_v2_fd_bet_0021,2026-07-26T14:23:00.000Z,2026-07-26T16:23:00.000Z,Basketball,Fictional Simulation League,Demo Cedar 21 vs Demo Quartz 21,Moneyline,Demo Cedar to win,Straight,1,-115,1400,1400,0,lost,Lost,0,0,,0,sim_v2_fd_wager_21,sim_v2_fd_entry_00044,,fictional
1.0,fanduel,sim_v2_fd_account_001,sim_v2_fd_connection_001,sportsbook,DEMO,USD,demo,SYNTHETIC,sim_v2_fd_bet_0022,2026-07-26T18:25:00.000Z,2026-07-26T20:25:00.000Z,Basketball,Fictional Simulation League,Demo Cedar 22 vs Demo Quartz 22,Two-leg combined market,Demo Cedar win and game total over 163.5,Parlay,2,360,2800,0,2800,won,Won,10080,0,sim_v2_fd_promo_22,0,sim_v2_fd_wager_22,sim_v2_fd_entry_00046,sim_v2_fd_entry_00047,fictional
1.0,fanduel,sim_v2_fd_account_001,sim_v2_fd_connection_001,sportsbook,DEMO,USD,demo,SYNTHETIC,sim_v2_fd_bet_0023,2026-07-27T14:27:00.000Z,2026-07-27T16:27:00.000Z,Basketball,Fictional Simulation League,Demo Cedar 23 vs Demo Quartz 23,Moneyline,Demo Cedar to win,Straight,1,145,4200,4200,0,lost,Lost,0,0,,0,sim_v2_fd_wager_23,sim_v2_fd_entry_00048,,fictional
1.0,fanduel,sim_v2_fd_account_001,sim_v2_fd_connection_001,sportsbook,DEMO,USD,demo,SYNTHETIC,sim_v2_fd_bet_0024,2026-07-27T18:29:00.000Z,2026-07-27T20:29:00.000Z,Basketball,Fictional Simulation League,Demo Cedar 24 vs Demo Quartz 24,Moneyline,Demo Cedar to win,Straight,1,175,5600,5600,0,lost,Lost,0,0,,0,sim_v2_fd_wager_24,sim_v2_fd_entry_00049,,fictional
1.0,fanduel,sim_v2_fd_account_001,sim_v2_fd_connection_001,sportsbook,DEMO,USD,demo,SYNTHETIC,sim_v2_fd_bet_0025,2026-07-28T14:31:00.000Z,2026-07-28T16:31:00.000Z,Basketball,Fictional Simulation League,Demo Cedar 25 vs Demo Quartz 25,Moneyline,Demo Cedar to win,Straight,1,-115,1400,1400,0,lost,Lost,0,0,,0,sim_v2_fd_wager_25,sim_v2_fd_entry_00051,,fictional
1.0,fanduel,sim_v2_fd_account_001,sim_v2_fd_connection_001,sportsbook,DEMO,USD,demo,SYNTHETIC,sim_v2_fd_bet_0026,2026-07-28T18:23:00.000Z,2026-07-28T20:23:00.000Z,Basketball,Fictional Simulation League,Demo Cedar 26 vs Demo Quartz 26,Moneyline,Demo Cedar to win,Straight,1,-135,2800,2800,0,lost,Lost,0,0,,0,sim_v2_fd_wager_26,sim_v2_fd_entry_00052,,fictional
1.0,fanduel,sim_v2_fd_account_001,sim_v2_fd_connection_001,sportsbook,DEMO,USD,demo,SYNTHETIC,sim_v2_fd_bet_0027,2026-07-29T14:25:00.000Z,2026-07-29T16:25:00.000Z,Basketball,Fictional Simulation League,Demo Cedar 27 vs Demo Quartz 27,Moneyline,Demo Cedar to win,Straight,1,145,4200,4200,0,lost,Lost,0,0,sim_v2_fd_promo_27,20,sim_v2_fd_wager_27,sim_v2_fd_entry_00054,,fictional
1.0,fanduel,sim_v2_fd_account_001,sim_v2_fd_connection_001,sportsbook,DEMO,USD,demo,SYNTHETIC,sim_v2_fd_bet_0028,2026-07-29T18:27:00.000Z,2026-07-29T20:27:00.000Z,Basketball,Fictional Simulation League,Demo Cedar 28 vs Demo Quartz 28,Moneyline,Demo Cedar to win,Straight,1,175,5600,5600,0,won,Won,15400,0,,0,sim_v2_fd_wager_28,sim_v2_fd_entry_00057,sim_v2_fd_entry_00058,fictional
1.0,fanduel,sim_v2_fd_account_001,sim_v2_fd_connection_001,sportsbook,DEMO,USD,demo,SYNTHETIC,sim_v2_fd_bet_0029,2026-07-30T14:29:00.000Z,2026-07-30T16:29:00.000Z,Basketball,Fictional Simulation League,Demo Cedar 29 vs Demo Quartz 29,Two-leg combined market,Demo Cedar win and game total over 163.5,Parlay,2,360,1400,1400,0,lost,Lost,0,0,,0,sim_v2_fd_wager_29,sim_v2_fd_entry_00059,,fictional
1.0,fanduel,sim_v2_fd_account_001,sim_v2_fd_connection_001,sportsbook,DEMO,USD,demo,SYNTHETIC,sim_v2_fd_bet_0030,2026-07-30T18:31:00.000Z,2026-07-30T20:31:00.000Z,Basketball,Fictional Simulation League,Demo Cedar 30 vs Demo Quartz 30,Moneyline,Demo Cedar to win,Straight,1,-135,2800,2800,0,won,Won,4874,0,,0,sim_v2_fd_wager_30,sim_v2_fd_entry_00060,sim_v2_fd_entry_00061,fictional
1.0,fanduel,sim_v2_fd_account_001,sim_v2_fd_connection_001,sportsbook,DEMO,USD,demo,SYNTHETIC,sim_v2_fd_bet_0031,2026-07-31T14:23:00.000Z,2026-07-31T16:23:00.000Z,Basketball,Fictional Simulation League,Demo Cedar 31 vs Demo Quartz 31,Moneyline,Demo Cedar to win,Straight,1,145,4200,4200,0,lost,Lost,0,0,,0,sim_v2_fd_wager_31,sim_v2_fd_entry_00062,,fictional
1.0,fanduel,sim_v2_fd_account_001,sim_v2_fd_connection_001,sportsbook,DEMO,USD,demo,SYNTHETIC,sim_v2_fd_bet_0032,2026-07-31T18:25:00.000Z,2026-07-31T20:25:00.000Z,Basketball,Fictional Simulation League,Demo Cedar 32 vs Demo Quartz 32,Moneyline,Demo Cedar to win,Straight,1,175,5600,5600,0,push,Push,0,5600,,0,sim_v2_fd_wager_32,sim_v2_fd_entry_00063,sim_v2_fd_entry_00064,fictional
1.0,fanduel,sim_v2_fd_account_001,sim_v2_fd_connection_001,sportsbook,DEMO,USD,demo,SYNTHETIC,sim_v2_fd_bet_0033,2026-08-01T14:27:00.000Z,2026-08-01T16:27:00.000Z,Basketball,Fictional Simulation League,Demo Cedar 33 vs Demo Quartz 33,Moneyline,Demo Cedar to win,Straight,1,-115,1400,1400,0,lost,Lost,0,0,,0,sim_v2_fd_wager_33,sim_v2_fd_entry_00065,,fictional
1.0,fanduel,sim_v2_fd_account_001,sim_v2_fd_connection_001,sportsbook,DEMO,USD,demo,SYNTHETIC,sim_v2_fd_bet_0034,2026-08-01T18:29:00.000Z,2026-08-01T20:29:00.000Z,Basketball,Fictional Simulation League,Demo Cedar 34 vs Demo Quartz 34,Moneyline,Demo Cedar to win,Straight,1,-135,2800,2800,0,lost,Lost,0,0,,0,sim_v2_fd_wager_34,sim_v2_fd_entry_00066,,fictional
1.0,fanduel,sim_v2_fd_account_001,sim_v2_fd_connection_001,sportsbook,DEMO,USD,demo,SYNTHETIC,sim_v2_fd_bet_0035,2026-08-02T14:31:00.000Z,2026-08-02T16:31:00.000Z,Basketball,Fictional Simulation League,Demo Cedar 35 vs Demo Quartz 35,Moneyline,Demo Cedar to win,Straight,1,145,4200,4200,0,lost,Lost,0,0,sim_v2_fd_promo_35,20,sim_v2_fd_wager_35,sim_v2_fd_entry_00068,,fictional
1.0,fanduel,sim_v2_fd_account_001,sim_v2_fd_connection_001,sportsbook,DEMO,USD,demo,SYNTHETIC,sim_v2_fd_bet_0036,2026-08-02T18:23:00.000Z,2026-08-02T20:23:00.000Z,Basketball,Fictional Simulation League,Demo Cedar 36 vs Demo Quartz 36,Two-leg combined market,Demo Cedar win and game total over 163.5,Parlay,2,360,5600,5600,0,lost,Lost,0,0,,0,sim_v2_fd_wager_36,sim_v2_fd_entry_00071,,fictional
1.0,fanduel,sim_v2_fd_account_001,sim_v2_fd_connection_001,sportsbook,DEMO,USD,demo,SYNTHETIC,sim_v2_fd_bet_0037,2026-08-03T14:25:00.000Z,2026-08-03T16:25:00.000Z,Basketball,Fictional Simulation League,Demo Cedar 37 vs Demo Quartz 37,Moneyline,Demo Cedar to win,Straight,1,-115,1400,1400,0,lost,Lost,0,0,,0,sim_v2_fd_wager_37,sim_v2_fd_entry_00072,,fictional
1.0,fanduel,sim_v2_fd_account_001,sim_v2_fd_connection_001,sportsbook,DEMO,USD,demo,SYNTHETIC,sim_v2_fd_bet_0038,2026-08-03T18:27:00.000Z,2026-08-03T20:27:00.000Z,Basketball,Fictional Simulation League,Demo Cedar 38 vs Demo Quartz 38,Moneyline,Demo Cedar to win,Straight,1,-135,2800,2800,0,won,Won,4874,0,,0,sim_v2_fd_wager_38,sim_v2_fd_entry_00073,sim_v2_fd_entry_00074,fictional
1.0,fanduel,sim_v2_fd_account_001,sim_v2_fd_connection_001,sportsbook,DEMO,USD,demo,SYNTHETIC,sim_v2_fd_bet_0039,2026-08-04T14:29:00.000Z,2026-08-04T16:29:00.000Z,Basketball,Fictional Simulation League,Demo Cedar 39 vs Demo Quartz 39,Moneyline,Demo Cedar to win,Straight,1,145,9200,0,9200,lost,Lost,0,0,sim_v2_fd_promo_39,0,sim_v2_fd_wager_39,sim_v2_fd_entry_00076,,fictional
1.0,fanduel,sim_v2_fd_account_001,sim_v2_fd_connection_001,sportsbook,DEMO,USD,demo,SYNTHETIC,sim_v2_fd_bet_0040,2026-08-04T18:31:00.000Z,2026-08-04T20:31:00.000Z,Basketball,Fictional Simulation League,Demo Cedar 40 vs Demo Quartz 40,Moneyline,Demo Cedar to win,Straight,1,175,12400,12400,0,lost,Lost,0,0,,0,sim_v2_fd_wager_40,sim_v2_fd_entry_00077,,fictional
1.0,fanduel,sim_v2_fd_account_001,sim_v2_fd_connection_001,sportsbook,DEMO,USD,demo,SYNTHETIC,sim_v2_fd_bet_0041,2026-08-05T14:23:00.000Z,2026-08-05T16:23:00.000Z,Basketball,Fictional Simulation League,Demo Cedar 41 vs Demo Quartz 41,Moneyline,Demo Cedar to win,Straight,1,-115,1400,1400,0,won,Won,2618,0,,0,sim_v2_fd_wager_41,sim_v2_fd_entry_00078,sim_v2_fd_entry_00079,fictional
1.0,fanduel,sim_v2_fd_account_001,sim_v2_fd_connection_001,sportsbook,DEMO,USD,demo,SYNTHETIC,sim_v2_fd_bet_0042,2026-08-05T18:25:00.000Z,2026-08-05T20:25:00.000Z,Basketball,Fictional Simulation League,Demo Cedar 42 vs Demo Quartz 42,Moneyline,Demo Cedar to win,Straight,1,-135,2800,2800,0,lost,Lost,0,0,,0,sim_v2_fd_wager_42,sim_v2_fd_entry_00080,,fictional
1.0,fanduel,sim_v2_fd_account_001,sim_v2_fd_connection_001,sportsbook,DEMO,USD,demo,SYNTHETIC,sim_v2_fd_bet_0043,2026-08-06T14:27:00.000Z,2026-08-06T16:27:00.000Z,Basketball,Fictional Simulation League,Demo Cedar 43 vs Demo Quartz 43,Two-leg combined market,Demo Cedar win and game total over 163.5,Parlay,2,360,4200,4200,0,lost,Lost,0,0,sim_v2_fd_promo_43,20,sim_v2_fd_wager_43,sim_v2_fd_entry_00082,,fictional
1.0,fanduel,sim_v2_fd_account_001,sim_v2_fd_connection_001,sportsbook,DEMO,USD,demo,SYNTHETIC,sim_v2_fd_bet_0044,2026-08-06T18:29:00.000Z,2026-08-06T20:29:00.000Z,Basketball,Fictional Simulation League,Demo Cedar 44 vs Demo Quartz 44,Moneyline,Demo Cedar to win,Straight,1,175,5600,5600,0,lost,Lost,0,0,,0,sim_v2_fd_wager_44,sim_v2_fd_entry_00085,,fictional
1.0,fanduel,sim_v2_fd_account_001,sim_v2_fd_connection_001,sportsbook,DEMO,USD,demo,SYNTHETIC,sim_v2_fd_bet_0045,2026-08-07T14:31:00.000Z,2026-08-07T16:31:00.000Z,Basketball,Fictional Simulation League,Demo Cedar 45 vs Demo Quartz 45,Moneyline,Demo Cedar to win,Straight,1,-115,1400,1400,0,lost,Lost,0,0,,0,sim_v2_fd_wager_45,sim_v2_fd_entry_00086,,fictional
1.0,fanduel,sim_v2_fd_account_001,sim_v2_fd_connection_001,sportsbook,DEMO,USD,demo,SYNTHETIC,sim_v2_fd_bet_0046,2026-08-07T18:23:00.000Z,2026-08-07T20:23:00.000Z,Basketball,Fictional Simulation League,Demo Cedar 46 vs Demo Quartz 46,Moneyline,Demo Cedar to win,Straight,1,-135,2800,2800,0,won,Won,4874,0,,0,sim_v2_fd_wager_46,sim_v2_fd_entry_00087,sim_v2_fd_entry_00088,fictional
1.0,fanduel,sim_v2_fd_account_001,sim_v2_fd_connection_001,sportsbook,DEMO,USD,demo,SYNTHETIC,sim_v2_fd_bet_0047,2026-08-08T14:25:00.000Z,2026-08-08T16:25:00.000Z,Basketball,Fictional Simulation League,Demo Cedar 47 vs Demo Quartz 47,Moneyline,Demo Cedar to win,Straight,1,145,4200,4200,0,won,Won,10290,0,,0,sim_v2_fd_wager_47,sim_v2_fd_entry_00089,sim_v2_fd_entry_00090,fictional
1.0,fanduel,sim_v2_fd_account_001,sim_v2_fd_connection_001,sportsbook,DEMO,USD,demo,SYNTHETIC,sim_v2_fd_bet_0048,2026-08-08T18:27:00.000Z,2026-08-08T20:27:00.000Z,Basketball,Fictional Simulation League,Demo Cedar 48 vs Demo Quartz 48,Moneyline,Demo Cedar to win,Straight,1,175,5600,5600,0,void,Void,0,5600,,0,sim_v2_fd_wager_48,sim_v2_fd_entry_00091,sim_v2_fd_entry_00092,fictional
1.0,fanduel,sim_v2_fd_account_001,sim_v2_fd_connection_001,sportsbook,DEMO,USD,demo,SYNTHETIC,sim_v2_fd_bet_0049,2026-08-09T14:29:00.000Z,2026-08-09T16:29:00.000Z,Basketball,Fictional Simulation League,Demo Cedar 49 vs Demo Quartz 49,Moneyline,Demo Cedar to win,Straight,1,-115,1400,1400,0,lost,Lost,0,0,,0,sim_v2_fd_wager_49,sim_v2_fd_entry_00093,,fictional
1.0,fanduel,sim_v2_fd_account_001,sim_v2_fd_connection_001,sportsbook,DEMO,USD,demo,SYNTHETIC,sim_v2_fd_bet_0050,2026-08-09T18:31:00.000Z,2026-08-09T20:31:00.000Z,Basketball,Fictional Simulation League,Demo Cedar 50 vs Demo Quartz 50,Two-leg combined market,Demo Cedar win and game total over 163.5,Parlay,2,360,2800,2800,0,lost,Lost,0,0,,0,sim_v2_fd_wager_50,sim_v2_fd_entry_00094,,fictional
1.0,fanduel,sim_v2_fd_account_001,sim_v2_fd_connection_001,sportsbook,DEMO,USD,demo,SYNTHETIC,sim_v2_fd_bet_0051,2026-08-10T14:23:00.000Z,2026-08-10T16:23:00.000Z,Basketball,Fictional Simulation League,Demo Cedar 51 vs Demo Quartz 51,Moneyline,Demo Cedar to win,Straight,1,145,4200,4200,0,lost,Lost,0,0,sim_v2_fd_promo_51,20,sim_v2_fd_wager_51,sim_v2_fd_entry_00097,,fictional
1.0,fanduel,sim_v2_fd_account_001,sim_v2_fd_connection_001,sportsbook,DEMO,USD,demo,SYNTHETIC,sim_v2_fd_bet_0052,2026-08-10T18:25:00.000Z,2026-08-10T20:25:00.000Z,Basketball,Fictional Simulation League,Demo Cedar 52 vs Demo Quartz 52,Moneyline,Demo Cedar to win,Straight,1,175,5600,5600,0,lost,Lost,0,0,,0,sim_v2_fd_wager_52,sim_v2_fd_entry_00100,,fictional
1.0,fanduel,sim_v2_fd_account_001,sim_v2_fd_connection_001,sportsbook,DEMO,USD,demo,SYNTHETIC,sim_v2_fd_bet_0053,2026-08-11T14:27:00.000Z,2026-08-11T16:27:00.000Z,Basketball,Fictional Simulation League,Demo Cedar 53 vs Demo Quartz 53,Moneyline,Demo Cedar to win,Straight,1,-115,1400,1400,0,lost,Lost,0,0,,0,sim_v2_fd_wager_53,sim_v2_fd_entry_00101,,fictional
1.0,fanduel,sim_v2_fd_account_001,sim_v2_fd_connection_001,sportsbook,DEMO,USD,demo,SYNTHETIC,sim_v2_fd_bet_0054,2026-08-11T18:29:00.000Z,2026-08-11T20:29:00.000Z,Basketball,Fictional Simulation League,Demo Cedar 54 vs Demo Quartz 54,Moneyline,Demo Cedar to win,Straight,1,-135,2800,2800,0,lost,Lost,0,0,,0,sim_v2_fd_wager_54,sim_v2_fd_entry_00102,,fictional
1.0,fanduel,sim_v2_fd_account_001,sim_v2_fd_connection_001,sportsbook,DEMO,USD,demo,SYNTHETIC,sim_v2_fd_bet_0055,2026-08-12T14:31:00.000Z,2026-08-12T16:31:00.000Z,Basketball,Fictional Simulation League,Demo Cedar 55 vs Demo Quartz 55,Moneyline,Demo Cedar to win,Straight,1,145,4200,4200,0,won,Won,10290,0,,0,sim_v2_fd_wager_55,sim_v2_fd_entry_00103,sim_v2_fd_entry_00104,fictional
1.0,fanduel,sim_v2_fd_account_001,sim_v2_fd_connection_001,sportsbook,DEMO,USD,demo,SYNTHETIC,sim_v2_fd_bet_0056,2026-08-12T18:23:00.000Z,2026-08-12T20:23:00.000Z,Basketball,Fictional Simulation League,Demo Cedar 56 vs Demo Quartz 56,Moneyline,Demo Cedar to win,Straight,1,175,5600,0,5600,won,Won,9800,0,sim_v2_fd_promo_56,0,sim_v2_fd_wager_56,sim_v2_fd_entry_00106,sim_v2_fd_entry_00107,fictional
1.0,fanduel,sim_v2_fd_account_001,sim_v2_fd_connection_001,sportsbook,DEMO,USD,demo,SYNTHETIC,sim_v2_fd_bet_0057,2026-08-13T14:25:00.000Z,2026-08-13T16:25:00.000Z,Basketball,Fictional Simulation League,Demo Cedar 57 vs Demo Quartz 57,Two-leg combined market,Demo Cedar win and game total over 163.5,Parlay,2,360,1400,1400,0,lost,Lost,0,0,,0,sim_v2_fd_wager_57,sim_v2_fd_entry_00108,,fictional
1.0,fanduel,sim_v2_fd_account_001,sim_v2_fd_connection_001,sportsbook,DEMO,USD,demo,SYNTHETIC,sim_v2_fd_bet_0058,2026-08-13T18:27:00.000Z,2026-08-13T20:27:00.000Z,Basketball,Fictional Simulation League,Demo Cedar 58 vs Demo Quartz 58,Moneyline,Demo Cedar to win,Straight,1,-135,2800,2800,0,won,Won,4874,0,,0,sim_v2_fd_wager_58,sim_v2_fd_entry_00110,sim_v2_fd_entry_00111,fictional
1.0,fanduel,sim_v2_fd_account_001,sim_v2_fd_connection_001,sportsbook,DEMO,USD,demo,SYNTHETIC,sim_v2_fd_bet_0059,2026-08-14T14:29:00.000Z,2026-08-14T16:29:00.000Z,Basketball,Fictional Simulation League,Demo Cedar 59 vs Demo Quartz 59,Moneyline,Demo Cedar to win,Straight,1,145,4200,4200,0,lost,Lost,0,0,sim_v2_fd_promo_59,20,sim_v2_fd_wager_59,sim_v2_fd_entry_00113,,fictional
1.0,fanduel,sim_v2_fd_account_001,sim_v2_fd_connection_001,sportsbook,DEMO,USD,demo,SYNTHETIC,sim_v2_fd_bet_0060,2026-08-14T18:31:00.000Z,2026-08-14T20:31:00.000Z,Basketball,Fictional Simulation League,Demo Cedar 60 vs Demo Quartz 60,Moneyline,Demo Cedar to win,Straight,1,175,5600,5600,0,lost,Lost,0,0,,0,sim_v2_fd_wager_60,sim_v2_fd_entry_00116,,fictional
1.0,fanduel,sim_v2_fd_account_001,sim_v2_fd_connection_001,sportsbook,DEMO,USD,demo,SYNTHETIC,sim_v2_fd_bet_0061,2026-08-15T14:23:00.000Z,2026-08-15T16:23:00.000Z,Basketball,Fictional Simulation League,Demo Cedar 61 vs Demo Quartz 61,Moneyline,Demo Cedar to win,Straight,1,-115,1400,1400,0,lost,Lost,0,0,,0,sim_v2_fd_wager_61,sim_v2_fd_entry_00117,,fictional
1.0,fanduel,sim_v2_fd_account_001,sim_v2_fd_connection_001,sportsbook,DEMO,USD,demo,SYNTHETIC,sim_v2_fd_bet_0062,2026-08-15T18:25:00.000Z,2026-08-15T20:25:00.000Z,Basketball,Fictional Simulation League,Demo Cedar 62 vs Demo Quartz 62,Moneyline,Demo Cedar to win,Straight,1,-135,2800,2800,0,won,Won,4874,0,,0,sim_v2_fd_wager_62,sim_v2_fd_entry_00118,sim_v2_fd_entry_00119,fictional
1.0,fanduel,sim_v2_fd_account_001,sim_v2_fd_connection_001,sportsbook,DEMO,USD,demo,SYNTHETIC,sim_v2_fd_bet_0063,2026-08-16T14:27:00.000Z,2026-08-16T16:27:00.000Z,Basketball,Fictional Simulation League,Demo Cedar 63 vs Demo Quartz 63,Moneyline,Demo Cedar to win,Straight,1,145,4200,4200,0,lost,Lost,0,0,,0,sim_v2_fd_wager_63,sim_v2_fd_entry_00120,,fictional
1.0,fanduel,sim_v2_fd_account_001,sim_v2_fd_connection_001,sportsbook,DEMO,USD,demo,SYNTHETIC,sim_v2_fd_bet_0064,2026-08-16T18:29:00.000Z,2026-08-16T20:29:00.000Z,Basketball,Fictional Simulation League,Demo Cedar 64 vs Demo Quartz 64,Two-leg combined market,Demo Cedar win and game total over 163.5,Parlay,2,360,5600,5600,0,lost,Lost,0,0,,0,sim_v2_fd_wager_64,sim_v2_fd_entry_00121,,fictional
1.0,fanduel,sim_v2_fd_account_001,sim_v2_fd_connection_001,sportsbook,DEMO,USD,demo,SYNTHETIC,sim_v2_fd_bet_0065,2026-08-17T14:31:00.000Z,2026-08-17T16:31:00.000Z,Basketball,Fictional Simulation League,Demo Cedar 65 vs Demo Quartz 65,Moneyline,Demo Cedar to win,Straight,1,-115,1400,1400,0,lost,Lost,0,0,,0,sim_v2_fd_wager_65,sim_v2_fd_entry_00122,,fictional
1.0,fanduel,sim_v2_fd_account_001,sim_v2_fd_connection_001,sportsbook,DEMO,USD,demo,SYNTHETIC,sim_v2_fd_bet_0066,2026-08-17T18:23:00.000Z,2026-08-17T20:23:00.000Z,Basketball,Fictional Simulation League,Demo Cedar 66 vs Demo Quartz 66,Moneyline,Demo Cedar to win,Straight,1,-135,2800,2800,0,lost,Lost,0,0,,0,sim_v2_fd_wager_66,sim_v2_fd_entry_00123,,fictional
1.0,fanduel,sim_v2_fd_account_001,sim_v2_fd_connection_001,sportsbook,DEMO,USD,demo,SYNTHETIC,sim_v2_fd_bet_0067,2026-08-18T14:25:00.000Z,2026-08-18T16:25:00.000Z,Basketball,Fictional Simulation League,Demo Cedar 67 vs Demo Quartz 67,Moneyline,Demo Cedar to win,Straight,1,145,4200,4200,0,won,Won,11508,0,sim_v2_fd_promo_67,20,sim_v2_fd_wager_67,sim_v2_fd_entry_00125,sim_v2_fd_entry_00127,fictional
1.0,fanduel,sim_v2_fd_account_001,sim_v2_fd_connection_001,sportsbook,DEMO,USD,demo,SYNTHETIC,sim_v2_fd_bet_0068,2026-08-18T18:27:00.000Z,2026-08-18T20:27:00.000Z,Basketball,Fictional Simulation League,Demo Cedar 68 vs Demo Quartz 68,Moneyline,Demo Cedar to win,Straight,1,175,5600,5600,0,lost,Lost,0,0,,0,sim_v2_fd_wager_68,sim_v2_fd_entry_00129,,fictional
1.0,fanduel,sim_v2_fd_account_001,sim_v2_fd_connection_001,sportsbook,DEMO,USD,demo,SYNTHETIC,sim_v2_fd_bet_0069,2026-08-19T14:29:00.000Z,2026-08-19T16:29:00.000Z,Basketball,Fictional Simulation League,Demo Cedar 69 vs Demo Quartz 69,Moneyline,Demo Cedar to win,Straight,1,-115,1400,1400,0,lost,Lost,0,0,,0,sim_v2_fd_wager_69,sim_v2_fd_entry_00130,,fictional
1.0,fanduel,sim_v2_fd_account_001,sim_v2_fd_connection_001,sportsbook,DEMO,USD,demo,SYNTHETIC,sim_v2_fd_bet_0070,2026-08-19T18:31:00.000Z,2026-08-19T20:31:00.000Z,Basketball,Fictional Simulation League,Demo Cedar 70 vs Demo Quartz 70,Moneyline,Demo Cedar to win,Straight,1,-135,2800,2800,0,lost,Lost,0,0,,0,sim_v2_fd_wager_70,sim_v2_fd_entry_00131,,fictional
1.0,fanduel,sim_v2_fd_account_001,sim_v2_fd_connection_001,sportsbook,DEMO,USD,demo,SYNTHETIC,sim_v2_fd_bet_0071,2026-08-20T14:23:00.000Z,,Basketball,Fictional Simulation League,Demo Cedar 71 vs Demo Quartz 71,Two-leg combined market,Demo Cedar win and game total over 163.5,Parlay,2,360,4200,4200,0,open,Open,0,0,,0,sim_v2_fd_wager_71,sim_v2_fd_entry_00132,,fictional
1.0,fanduel,sim_v2_fd_account_001,sim_v2_fd_connection_001,sportsbook,DEMO,USD,demo,SYNTHETIC,sim_v2_fd_bet_0072,2026-08-20T18:25:00.000Z,,Basketball,Fictional Simulation League,Demo Cedar 72 vs Demo Quartz 72,Moneyline,Demo Cedar to win,Straight,1,175,5600,5600,0,open,Open,0,0,,0,sim_v2_fd_wager_72,sim_v2_fd_entry_00134,,fictional
