schema_version,provider,provider_display_name,account_id,connection_id,currency,source,data_mode,timezone,transaction_id,timestamp,type,description,amount_minor,balance_after_minor,bet_id
1.0,moonharbor_demo,Moonharbor Sports (fictional),sim_mh_account_001,sim_mh_connection_001,USD,SYNTHETIC,demo,America/New_York,sim_mh_tx_0001,2026-08-01T10:00:00-04:00,deposit,Simulated deposit,12000,12000,
1.0,moonharbor_demo,Moonharbor Sports (fictional),sim_mh_account_001,sim_mh_connection_001,USD,SYNTHETIC,demo,America/New_York,sim_mh_tx_0002,2026-08-01T18:12:00-04:00,wager,Simulated wager,-900,11100,sim_mh_bet_001
1.0,moonharbor_demo,Moonharbor Sports (fictional),sim_mh_account_001,sim_mh_connection_001,USD,SYNTHETIC,demo,America/New_York,sim_mh_tx_0003,2026-08-01T19:12:00-04:00,payout,Simulated payout,1718,12818,sim_mh_bet_001
1.0,moonharbor_demo,Moonharbor Sports (fictional),sim_mh_account_001,sim_mh_connection_001,USD,SYNTHETIC,demo,America/New_York,sim_mh_tx_0004,2026-08-01T20:24:00-04:00,wager,Simulated wager,-1200,11618,sim_mh_bet_002
1.0,moonharbor_demo,Moonharbor Sports (fictional),sim_mh_account_001,sim_mh_connection_001,USD,SYNTHETIC,demo,America/New_York,sim_mh_tx_0005,2026-08-03T19:08:00-04:00,wager,Simulated wager,-700,10918,sim_mh_bet_003
1.0,moonharbor_demo,Moonharbor Sports (fictional),sim_mh_account_001,sim_mh_connection_001,USD,SYNTHETIC,demo,America/New_York,sim_mh_tx_0006,2026-08-05T18:16:00-04:00,wager,Simulated wager,-1100,9818,sim_mh_bet_004
1.0,moonharbor_demo,Moonharbor Sports (fictional),sim_mh_account_001,sim_mh_connection_001,USD,SYNTHETIC,demo,America/New_York,sim_mh_tx_0007,2026-08-05T19:16:00-04:00,payout,Simulated payout,2100,11918,sim_mh_bet_004
1.0,moonharbor_demo,Moonharbor Sports (fictional),sim_mh_account_001,sim_mh_connection_001,USD,SYNTHETIC,demo,America/New_York,sim_mh_tx_0008,2026-08-05T20:31:00-04:00,wager,Simulated wager,-800,11118,sim_mh_bet_005
1.0,moonharbor_demo,Moonharbor Sports (fictional),sim_mh_account_001,sim_mh_connection_001,USD,SYNTHETIC,demo,America/New_York,sim_mh_tx_0009,2026-08-08T19:43:00-04:00,wager,Simulated wager,-1300,9818,sim_mh_bet_006
1.0,moonharbor_demo,Moonharbor Sports (fictional),sim_mh_account_001,sim_mh_connection_001,USD,SYNTHETIC,demo,America/New_York,sim_mh_tx_0010,2026-08-10T18:07:00-04:00,wager,Simulated wager,-1000,8818,sim_mh_bet_007
1.0,moonharbor_demo,Moonharbor Sports (fictional),sim_mh_account_001,sim_mh_connection_001,USD,SYNTHETIC,demo,America/New_York,sim_mh_tx_0011,2026-08-10T19:07:00-04:00,payout,Simulated payout,1909,10727,sim_mh_bet_007
1.0,moonharbor_demo,Moonharbor Sports (fictional),sim_mh_account_001,sim_mh_connection_001,USD,SYNTHETIC,demo,America/New_York,sim_mh_tx_0012,2026-08-10T20:19:00-04:00,wager,Simulated wager,-900,9827,sim_mh_bet_008
1.0,moonharbor_demo,Moonharbor Sports (fictional),sim_mh_account_001,sim_mh_connection_001,USD,SYNTHETIC,demo,America/New_York,sim_mh_tx_0013,2026-08-12T00:40:00-04:00,deposit,Simulated deposit,25000,34827,
1.0,moonharbor_demo,Moonharbor Sports (fictional),sim_mh_account_001,sim_mh_connection_001,USD,SYNTHETIC,demo,America/New_York,sim_mh_tx_0014,2026-08-12T01:05:00-04:00,wager,Simulated wager,-1400,33427,sim_mh_bet_009
1.0,moonharbor_demo,Moonharbor Sports (fictional),sim_mh_account_001,sim_mh_connection_001,USD,SYNTHETIC,demo,America/New_York,sim_mh_tx_0015,2026-08-12T01:09:00-04:00,wager,Simulated wager,-1800,31627,sim_mh_bet_010
1.0,moonharbor_demo,Moonharbor Sports (fictional),sim_mh_account_001,sim_mh_connection_001,USD,SYNTHETIC,demo,America/New_York,sim_mh_tx_0016,2026-08-12T01:13:00-04:00,wager,Simulated wager,-2000,29627,sim_mh_bet_011
1.0,moonharbor_demo,Moonharbor Sports (fictional),sim_mh_account_001,sim_mh_connection_001,USD,SYNTHETIC,demo,America/New_York,sim_mh_tx_0017,2026-08-12T01:17:00-04:00,wager,Simulated wager,-2400,27227,sim_mh_bet_012
1.0,moonharbor_demo,Moonharbor Sports (fictional),sim_mh_account_001,sim_mh_connection_001,USD,SYNTHETIC,demo,America/New_York,sim_mh_tx_0018,2026-08-12T01:21:00-04:00,wager,Simulated wager,-2800,24427,sim_mh_bet_013
1.0,moonharbor_demo,Moonharbor Sports (fictional),sim_mh_account_001,sim_mh_connection_001,USD,SYNTHETIC,demo,America/New_York,sim_mh_tx_0019,2026-08-12T01:25:00-04:00,wager,Simulated wager,-3200,21227,sim_mh_bet_014
1.0,moonharbor_demo,Moonharbor Sports (fictional),sim_mh_account_001,sim_mh_connection_001,USD,SYNTHETIC,demo,America/New_York,sim_mh_tx_0020,2026-08-12T01:29:00-04:00,wager,Simulated wager,-3600,17627,sim_mh_bet_015
1.0,moonharbor_demo,Moonharbor Sports (fictional),sim_mh_account_001,sim_mh_connection_001,USD,SYNTHETIC,demo,America/New_York,sim_mh_tx_0021,2026-08-12T01:33:00-04:00,wager,Simulated wager,-4000,13627,sim_mh_bet_016
1.0,moonharbor_demo,Moonharbor Sports (fictional),sim_mh_account_001,sim_mh_connection_001,USD,SYNTHETIC,demo,America/New_York,sim_mh_tx_0022,2026-08-12T01:37:00-04:00,wager,Simulated wager,-4500,9127,sim_mh_bet_017
1.0,moonharbor_demo,Moonharbor Sports (fictional),sim_mh_account_001,sim_mh_connection_001,USD,SYNTHETIC,demo,America/New_York,sim_mh_tx_0023,2026-08-12T01:41:00-04:00,wager,Simulated wager,-5000,4127,sim_mh_bet_018
1.0,moonharbor_demo,Moonharbor Sports (fictional),sim_mh_account_001,sim_mh_connection_001,USD,SYNTHETIC,demo,America/New_York,sim_mh_tx_0024,2026-08-12T02:25:00-04:00,payout,Simulated payout,6109,10236,sim_mh_bet_014
1.0,moonharbor_demo,Moonharbor Sports (fictional),sim_mh_account_001,sim_mh_connection_001,USD,SYNTHETIC,demo,America/New_York,sim_mh_tx_0025,2026-08-15T18:40:00-04:00,deposit,Simulated deposit,20000,30236,
1.0,moonharbor_demo,Moonharbor Sports (fictional),sim_mh_account_001,sim_mh_connection_001,USD,SYNTHETIC,demo,America/New_York,sim_mh_tx_0026,2026-08-15T19:13:00-04:00,wager,Simulated wager,-18000,12236,sim_mh_bet_019
1.0,moonharbor_demo,Moonharbor Sports (fictional),sim_mh_account_001,sim_mh_connection_001,USD,SYNTHETIC,demo,America/New_York,sim_mh_tx_0027,2026-08-17T18:38:00-04:00,wager,Simulated wager,-1000,11236,sim_mh_bet_020
1.0,moonharbor_demo,Moonharbor Sports (fictional),sim_mh_account_001,sim_mh_connection_001,USD,SYNTHETIC,demo,America/New_York,sim_mh_tx_0028,2026-08-17T19:38:00-04:00,payout,Simulated payout,1909,13145,sim_mh_bet_020
1.0,moonharbor_demo,Moonharbor Sports (fictional),sim_mh_account_001,sim_mh_connection_001,USD,SYNTHETIC,demo,America/New_York,sim_mh_tx_0029,2026-08-19T19:22:00-04:00,wager,Simulated wager,-1500,11645,sim_mh_bet_021
1.0,moonharbor_demo,Moonharbor Sports (fictional),sim_mh_account_001,sim_mh_connection_001,USD,SYNTHETIC,demo,America/New_York,sim_mh_tx_0030,2026-08-19T21:04:00-04:00,wager,Simulated wager,-1200,10445,sim_mh_bet_022
1.0,moonharbor_demo,Moonharbor Sports (fictional),sim_mh_account_001,sim_mh_connection_001,USD,SYNTHETIC,demo,America/New_York,sim_mh_tx_0031,2026-08-19T22:04:00-04:00,payout,Simulated payout,2291,12736,sim_mh_bet_022
1.0,moonharbor_demo,Moonharbor Sports (fictional),sim_mh_account_001,sim_mh_connection_001,USD,SYNTHETIC,demo,America/New_York,sim_mh_tx_0032,2026-08-19T23:00:00-04:00,withdrawal,Simulated withdrawal,-3000,9736,
