schema_version,provider,provider_display_name,account_id,connection_id,currency,source,data_mode,timezone,bet_id,placed_at,settled_at,sport,league,event,market,selection,bet_type,legs,odds_american,stake_minor,cash_stake_minor,bonus_stake_minor,status,payout_minor,refund_minor,wager_transaction_id,settlement_transaction_id
1.0,moonharbor_demo,Moonharbor Sports (fictional),sim_v2_mh_account_001,sim_v2_mh_connection_001,USD,SYNTHETIC,demo,America/New_York,sim_v2_mh_bet_001,2026-08-02T18:12:00.000-04:00,2026-08-02T19:12:00.000-04:00,Basketball,Fictional Demo League,Demo Lantern 1 vs Demo Willow 1,Moneyline,Demo Lantern 1 to win,Straight,1,-110,1800,1800,0,won,3436,0,sim_v2_mh_tx_0002,sim_v2_mh_tx_0003
1.0,moonharbor_demo,Moonharbor Sports (fictional),sim_v2_mh_account_001,sim_v2_mh_connection_001,USD,SYNTHETIC,demo,America/New_York,sim_v2_mh_bet_002,2026-08-02T20:24:00.000-04:00,2026-08-02T21:24:00.000-04:00,Basketball,Fictional Demo League,Demo Lantern 2 vs Demo Willow 2,Moneyline,Demo Lantern 2 to win,Straight,1,-110,2400,2400,0,lost,0,0,sim_v2_mh_tx_0004,
1.0,moonharbor_demo,Moonharbor Sports (fictional),sim_v2_mh_account_001,sim_v2_mh_connection_001,USD,SYNTHETIC,demo,America/New_York,sim_v2_mh_bet_003,2026-08-04T19:08:00.000-04:00,2026-08-04T20:08:00.000-04:00,Basketball,Fictional Demo League,Demo Lantern 3 vs Demo Willow 3,Moneyline,Demo Lantern 3 to win,Straight,1,-110,1400,1400,0,lost,0,0,sim_v2_mh_tx_0005,
1.0,moonharbor_demo,Moonharbor Sports (fictional),sim_v2_mh_account_001,sim_v2_mh_connection_001,USD,SYNTHETIC,demo,America/New_York,sim_v2_mh_bet_004,2026-08-06T18:16:00.000-04:00,2026-08-06T19:16:00.000-04:00,Basketball,Fictional Demo League,Demo Lantern 4 vs Demo Willow 4,Moneyline,Demo Lantern 4 to win,Straight,1,-110,2200,2200,0,won,4200,0,sim_v2_mh_tx_0006,sim_v2_mh_tx_0007
1.0,moonharbor_demo,Moonharbor Sports (fictional),sim_v2_mh_account_001,sim_v2_mh_connection_001,USD,SYNTHETIC,demo,America/New_York,sim_v2_mh_bet_005,2026-08-06T20:31:00.000-04:00,2026-08-06T21:31:00.000-04:00,Basketball,Fictional Demo League,Demo Lantern 5 vs Demo Willow 5,Moneyline,Demo Lantern 5 to win,Straight,1,-110,1600,1600,0,lost,0,0,sim_v2_mh_tx_0008,
1.0,moonharbor_demo,Moonharbor Sports (fictional),sim_v2_mh_account_001,sim_v2_mh_connection_001,USD,SYNTHETIC,demo,America/New_York,sim_v2_mh_bet_006,2026-08-09T19:43:00.000-04:00,2026-08-09T20:43:00.000-04:00,Basketball,Fictional Demo League,Demo Lantern 6 vs Demo Willow 6,Moneyline,Demo Lantern 6 to win,Straight,1,-110,2600,2600,0,lost,0,0,sim_v2_mh_tx_0009,
1.0,moonharbor_demo,Moonharbor Sports (fictional),sim_v2_mh_account_001,sim_v2_mh_connection_001,USD,SYNTHETIC,demo,America/New_York,sim_v2_mh_bet_007,2026-08-11T18:07:00.000-04:00,2026-08-11T19:07:00.000-04:00,Basketball,Fictional Demo League,Demo Lantern 7 vs Demo Willow 7,Moneyline,Demo Lantern 7 to win,Straight,1,-110,2000,2000,0,won,3818,0,sim_v2_mh_tx_0010,sim_v2_mh_tx_0011
1.0,moonharbor_demo,Moonharbor Sports (fictional),sim_v2_mh_account_001,sim_v2_mh_connection_001,USD,SYNTHETIC,demo,America/New_York,sim_v2_mh_bet_008,2026-08-11T20:19:00.000-04:00,2026-08-11T21:19:00.000-04:00,Basketball,Fictional Demo League,Demo Lantern 8 vs Demo Willow 8,Moneyline,Demo Lantern 8 to win,Straight,1,-110,1800,1800,0,lost,0,0,sim_v2_mh_tx_0012,
1.0,moonharbor_demo,Moonharbor Sports (fictional),sim_v2_mh_account_001,sim_v2_mh_connection_001,USD,SYNTHETIC,demo,America/New_York,sim_v2_mh_bet_009,2026-08-13T01:05:00.000-04:00,2026-08-13T02:05:00.000-04:00,Basketball,Fictional Demo League,Demo Lantern 9 vs Demo Willow 9,Moneyline,Demo Lantern 9 to win,Straight,1,-110,2800,2800,0,lost,0,0,sim_v2_mh_tx_0014,
1.0,moonharbor_demo,Moonharbor Sports (fictional),sim_v2_mh_account_001,sim_v2_mh_connection_001,USD,SYNTHETIC,demo,America/New_York,sim_v2_mh_bet_010,2026-08-13T01:09:00.000-04:00,2026-08-13T02:09:00.000-04:00,Basketball,Fictional Demo League,Demo Lantern 10 vs Demo Willow 10,Moneyline,Demo Lantern 10 to win,Straight,1,-110,3600,3600,0,lost,0,0,sim_v2_mh_tx_0015,
1.0,moonharbor_demo,Moonharbor Sports (fictional),sim_v2_mh_account_001,sim_v2_mh_connection_001,USD,SYNTHETIC,demo,America/New_York,sim_v2_mh_bet_011,2026-08-13T01:13:00.000-04:00,2026-08-13T02:13:00.000-04:00,Basketball,Fictional Demo League,Demo Lantern 11 vs Demo Willow 11,Moneyline,Demo Lantern 11 to win,Straight,1,-110,4000,4000,0,lost,0,0,sim_v2_mh_tx_0016,
1.0,moonharbor_demo,Moonharbor Sports (fictional),sim_v2_mh_account_001,sim_v2_mh_connection_001,USD,SYNTHETIC,demo,America/New_York,sim_v2_mh_bet_012,2026-08-13T01:17:00.000-04:00,2026-08-13T02:17:00.000-04:00,Basketball,Fictional Demo League,Demo Lantern 12 vs Demo Willow 12,Moneyline,Demo Lantern 12 to win,Straight,1,-110,4800,4800,0,lost,0,0,sim_v2_mh_tx_0017,
1.0,moonharbor_demo,Moonharbor Sports (fictional),sim_v2_mh_account_001,sim_v2_mh_connection_001,USD,SYNTHETIC,demo,America/New_York,sim_v2_mh_bet_013,2026-08-13T01:21:00.000-04:00,2026-08-13T02:21:00.000-04:00,Basketball,Fictional Demo League,Demo Lantern 13 vs Demo Willow 13,Moneyline,Demo Lantern 13 to win,Straight,1,-110,5600,5600,0,lost,0,0,sim_v2_mh_tx_0018,
1.0,moonharbor_demo,Moonharbor Sports (fictional),sim_v2_mh_account_001,sim_v2_mh_connection_001,USD,SYNTHETIC,demo,America/New_York,sim_v2_mh_bet_014,2026-08-13T01:25:00.000-04:00,2026-08-13T02:25:00.000-04:00,Basketball,Fictional Demo League,Demo Lantern 14 vs Demo Willow 14,Moneyline,Demo Lantern 14 to win,Straight,1,-110,6400,6400,0,won,12218,0,sim_v2_mh_tx_0019,sim_v2_mh_tx_0024
1.0,moonharbor_demo,Moonharbor Sports (fictional),sim_v2_mh_account_001,sim_v2_mh_connection_001,USD,SYNTHETIC,demo,America/New_York,sim_v2_mh_bet_015,2026-08-13T01:29:00.000-04:00,2026-08-13T02:29:00.000-04:00,Basketball,Fictional Demo League,Demo Lantern 15 vs Demo Willow 15,Moneyline,Demo Lantern 15 to win,Straight,1,-110,7200,7200,0,lost,0,0,sim_v2_mh_tx_0020,
1.0,moonharbor_demo,Moonharbor Sports (fictional),sim_v2_mh_account_001,sim_v2_mh_connection_001,USD,SYNTHETIC,demo,America/New_York,sim_v2_mh_bet_016,2026-08-13T01:33:00.000-04:00,2026-08-13T02:33:00.000-04:00,Clockwork beetle racing (fictional),Fictional Demo League,Clockwork Circuit 16,Race winner,Demo Copper Beetle to win,Straight,1,550,8000,8000,0,lost,0,0,sim_v2_mh_tx_0021,
1.0,moonharbor_demo,Moonharbor Sports (fictional),sim_v2_mh_account_001,sim_v2_mh_connection_001,USD,SYNTHETIC,demo,America/New_York,sim_v2_mh_bet_017,2026-08-13T01:37:00.000-04:00,2026-08-13T02:37:00.000-04:00,Clockwork beetle racing (fictional),Fictional Demo League,Clockwork Circuit 17,Race winner,Demo Copper Beetle to win,Straight,1,550,9000,9000,0,lost,0,0,sim_v2_mh_tx_0022,
1.0,moonharbor_demo,Moonharbor Sports (fictional),sim_v2_mh_account_001,sim_v2_mh_connection_001,USD,SYNTHETIC,demo,America/New_York,sim_v2_mh_bet_018,2026-08-13T01:41:00.000-04:00,2026-08-13T02:41:00.000-04:00,Clockwork beetle racing (fictional),Fictional Demo League,Clockwork Circuit 18,Race winner,Demo Copper Beetle to win,Straight,1,550,10000,10000,0,lost,0,0,sim_v2_mh_tx_0023,
1.0,moonharbor_demo,Moonharbor Sports (fictional),sim_v2_mh_account_001,sim_v2_mh_connection_001,USD,SYNTHETIC,demo,America/New_York,sim_v2_mh_bet_019,2026-08-16T19:13:00.000-04:00,2026-08-16T20:13:00.000-04:00,Basketball,Fictional Demo League,Demo Lantern 19 vs Demo Willow 19,Moneyline,Demo Lantern 19 to win,Straight,1,-110,36000,36000,0,lost,0,0,sim_v2_mh_tx_0026,
1.0,moonharbor_demo,Moonharbor Sports (fictional),sim_v2_mh_account_001,sim_v2_mh_connection_001,USD,SYNTHETIC,demo,America/New_York,sim_v2_mh_bet_020,2026-08-18T18:38:00.000-04:00,2026-08-18T19:38:00.000-04:00,Basketball,Fictional Demo League,Demo Lantern 20 vs Demo Willow 20,Moneyline,Demo Lantern 20 to win,Straight,1,-110,2000,2000,0,won,3818,0,sim_v2_mh_tx_0027,sim_v2_mh_tx_0028
1.0,moonharbor_demo,Moonharbor Sports (fictional),sim_v2_mh_account_001,sim_v2_mh_connection_001,USD,SYNTHETIC,demo,America/New_York,sim_v2_mh_bet_021,2026-08-20T19:22:00.000-04:00,2026-08-20T20:22:00.000-04:00,Basketball,Fictional Demo League,Demo Lantern 21 vs Demo Willow 21,Moneyline,Demo Lantern 21 to win,Straight,1,-110,3000,3000,0,lost,0,0,sim_v2_mh_tx_0029,
1.0,moonharbor_demo,Moonharbor Sports (fictional),sim_v2_mh_account_001,sim_v2_mh_connection_001,USD,SYNTHETIC,demo,America/New_York,sim_v2_mh_bet_022,2026-08-20T21:04:00.000-04:00,2026-08-20T22:04:00.000-04:00,Basketball,Fictional Demo League,Demo Lantern 22 vs Demo Willow 22,Moneyline,Demo Lantern 22 to win,Straight,1,-110,2400,2400,0,won,4582,0,sim_v2_mh_tx_0030,sim_v2_mh_tx_0031
