schema_version,provider,account_id,connection_id,currency,data_mode,source,timezone,transaction_id,timestamp,type,category,description,amount,amount_minor,bonus_amount_minor,balance_after,balance_after_minor,bonus_balance_after_minor,bet_id
2.0,draftkings,sim_v2_account_001,sim_v2_connection_001,USD,demo,SYNTHETIC,UTC,sim_v2_tx_00001,2026-08-02T15:17:00.000Z,deposit,Deposits - Financial,Simulated deposit,100,10000,0,100,10000,0,
2.0,draftkings,sim_v2_account_001,sim_v2_connection_001,USD,demo,SYNTHETIC,UTC,sim_v2_tx_00002,2026-08-02T16:17:00.000Z,wager,Wagers - Sportsbook,Simulated wager,-16,-1600,0,84,8400,0,sim_v2_bet_00001
2.0,draftkings,sim_v2_account_001,sim_v2_connection_001,USD,demo,SYNTHETIC,UTC,sim_v2_tx_00003,2026-08-02T19:48:00.000Z,wager,Wagers - Sportsbook,Simulated wager,-24,-2400,0,60,6000,0,sim_v2_bet_00002
2.0,draftkings,sim_v2_account_001,sim_v2_connection_001,USD,demo,SYNTHETIC,UTC,sim_v2_tx_00004,2026-08-02T21:48:00.000Z,payout,Winnings - Sportsbook,Simulated payout,43.2,4320,0,103.2,10320,0,sim_v2_bet_00002
2.0,draftkings,sim_v2_account_001,sim_v2_connection_001,USD,demo,SYNTHETIC,UTC,sim_v2_tx_00005,2026-08-03T16:19:00.000Z,wager,Wagers - Sportsbook,Simulated wager,-36,-3600,0,67.2,6720,0,sim_v2_bet_00003
2.0,draftkings,sim_v2_account_001,sim_v2_connection_001,USD,demo,SYNTHETIC,UTC,sim_v2_tx_00006,2026-08-03T18:19:00.000Z,payout,Winnings - Sportsbook,Simulated payout,82.8,8280,0,150,15000,0,sim_v2_bet_00003
2.0,draftkings,sim_v2_account_001,sim_v2_connection_001,USD,demo,SYNTHETIC,UTC,sim_v2_tx_00007,2026-08-03T19:50:00.000Z,wager,Wagers - Sportsbook,Simulated wager,-48,-4800,0,102,10200,0,sim_v2_bet_00004
2.0,draftkings,sim_v2_account_001,sim_v2_connection_001,USD,demo,SYNTHETIC,UTC,sim_v2_tx_00008,2026-08-03T21:50:00.000Z,payout,Winnings - Sportsbook,Simulated payout,124.8,12480,0,226.8,22680,0,sim_v2_bet_00004
2.0,draftkings,sim_v2_account_001,sim_v2_connection_001,USD,demo,SYNTHETIC,UTC,sim_v2_tx_00009,2026-08-04T16:21:00.000Z,wager,Wagers - Sportsbook,Simulated wager,-16,-1600,0,210.8,21080,0,sim_v2_bet_00005
2.0,draftkings,sim_v2_account_001,sim_v2_connection_001,USD,demo,SYNTHETIC,UTC,sim_v2_tx_00010,2026-08-04T19:52:00.000Z,wager,Wagers - Sportsbook,Simulated wager,-24,-2400,0,186.8,18680,0,sim_v2_bet_00006
2.0,draftkings,sim_v2_account_001,sim_v2_connection_001,USD,demo,SYNTHETIC,UTC,sim_v2_tx_00011,2026-08-04T21:52:00.000Z,payout,Winnings - Sportsbook,Simulated payout,43.2,4320,0,230,23000,0,sim_v2_bet_00006
2.0,draftkings,sim_v2_account_001,sim_v2_connection_001,USD,demo,SYNTHETIC,UTC,sim_v2_tx_00012,2026-08-05T16:23:00.000Z,wager,Wagers - Sportsbook,Simulated wager,-36,-3600,0,194,19400,0,sim_v2_bet_00007
2.0,draftkings,sim_v2_account_001,sim_v2_connection_001,USD,demo,SYNTHETIC,UTC,sim_v2_tx_00013,2026-08-05T18:23:00.000Z,payout,Winnings - Sportsbook,Simulated payout,82.8,8280,0,276.8,27680,0,sim_v2_bet_00007
2.0,draftkings,sim_v2_account_001,sim_v2_connection_001,USD,demo,SYNTHETIC,UTC,sim_v2_tx_00014,2026-08-05T19:47:00.000Z,wager,Wagers - Sportsbook,Simulated wager,-48,-4800,0,228.8,22880,0,sim_v2_bet_00008
2.0,draftkings,sim_v2_account_001,sim_v2_connection_001,USD,demo,SYNTHETIC,UTC,sim_v2_tx_00015,2026-08-06T16:18:00.000Z,wager,Wagers - Sportsbook,Simulated wager,-16,-1600,0,212.8,21280,0,sim_v2_bet_00009
2.0,draftkings,sim_v2_account_001,sim_v2_connection_001,USD,demo,SYNTHETIC,UTC,sim_v2_tx_00016,2026-08-06T19:49:00.000Z,wager,Wagers - Sportsbook,Simulated wager,-24,-2400,0,188.8,18880,0,sim_v2_bet_00010
2.0,draftkings,sim_v2_account_001,sim_v2_connection_001,USD,demo,SYNTHETIC,UTC,sim_v2_tx_00017,2026-08-07T16:20:00.000Z,wager,Wagers - Sportsbook,Simulated wager,-36,-3600,0,152.8,15280,0,sim_v2_bet_00011
2.0,draftkings,sim_v2_account_001,sim_v2_connection_001,USD,demo,SYNTHETIC,UTC,sim_v2_tx_00018,2026-08-07T19:51:00.000Z,wager,Wagers - Sportsbook,Simulated wager,-48,-4800,0,104.8,10480,0,sim_v2_bet_00012
2.0,draftkings,sim_v2_account_001,sim_v2_connection_001,USD,demo,SYNTHETIC,UTC,sim_v2_tx_00019,2026-08-08T16:21:30.000Z,bonus_award,Promotions,Simulated bonus award,0,0,1600,104.8,10480,1600,
2.0,draftkings,sim_v2_account_001,sim_v2_connection_001,USD,demo,SYNTHETIC,UTC,sim_v2_tx_00020,2026-08-08T16:22:00.000Z,bonus_wager,Bonus wagers - Sportsbook,Simulated bonus wager,0,0,-1600,104.8,10480,0,sim_v2_bet_00013
2.0,draftkings,sim_v2_account_001,sim_v2_connection_001,USD,demo,SYNTHETIC,UTC,sim_v2_tx_00021,2026-08-08T19:53:00.000Z,wager,Wagers - Sportsbook,Simulated wager,-24,-2400,0,80.8,8080,0,sim_v2_bet_00014
2.0,draftkings,sim_v2_account_001,sim_v2_connection_001,USD,demo,SYNTHETIC,UTC,sim_v2_tx_00022,2026-08-09T16:17:00.000Z,wager,Wagers - Sportsbook,Simulated wager,-36,-3600,0,44.8,4480,0,sim_v2_bet_00015
2.0,draftkings,sim_v2_account_001,sim_v2_connection_001,USD,demo,SYNTHETIC,UTC,sim_v2_tx_00023,2026-08-09T19:47:00.000Z,deposit,Deposits - Financial,Simulated deposit,200,20000,0,244.8,24480,0,
2.0,draftkings,sim_v2_account_001,sim_v2_connection_001,USD,demo,SYNTHETIC,UTC,sim_v2_tx_00024,2026-08-09T19:48:00.000Z,wager,Wagers - Sportsbook,Simulated wager,-48,-4800,0,196.8,19680,0,sim_v2_bet_00016
2.0,draftkings,sim_v2_account_001,sim_v2_connection_001,USD,demo,SYNTHETIC,UTC,sim_v2_tx_00025,2026-08-09T21:48:00.000Z,payout,Winnings - Sportsbook,Simulated payout,124.8,12480,0,321.6,32160,0,sim_v2_bet_00016
2.0,draftkings,sim_v2_account_001,sim_v2_connection_001,USD,demo,SYNTHETIC,UTC,sim_v2_tx_00026,2026-08-10T16:19:00.000Z,wager,Wagers - Sportsbook,Simulated wager,-16,-1600,0,305.6,30560,0,sim_v2_bet_00017
2.0,draftkings,sim_v2_account_001,sim_v2_connection_001,USD,demo,SYNTHETIC,UTC,sim_v2_tx_00027,2026-08-10T19:50:00.000Z,wager,Wagers - Sportsbook,Simulated wager,-24,-2400,0,281.6,28160,0,sim_v2_bet_00018
2.0,draftkings,sim_v2_account_001,sim_v2_connection_001,USD,demo,SYNTHETIC,UTC,sim_v2_tx_00028,2026-08-10T21:50:00.000Z,refund,Refunds - Sportsbook,Simulated refund,24,2400,0,305.6,30560,0,sim_v2_bet_00018
2.0,draftkings,sim_v2_account_001,sim_v2_connection_001,USD,demo,SYNTHETIC,UTC,sim_v2_tx_00029,2026-08-11T16:21:00.000Z,wager,Wagers - Sportsbook,Simulated wager,-36,-3600,0,269.6,26960,0,sim_v2_bet_00019
2.0,draftkings,sim_v2_account_001,sim_v2_connection_001,USD,demo,SYNTHETIC,UTC,sim_v2_tx_00030,2026-08-11T19:52:00.000Z,wager,Wagers - Sportsbook,Simulated wager,-48,-4800,0,221.6,22160,0,sim_v2_bet_00020
2.0,draftkings,sim_v2_account_001,sim_v2_connection_001,USD,demo,SYNTHETIC,UTC,sim_v2_tx_00031,2026-08-11T21:52:00.000Z,payout,Winnings - Sportsbook,Simulated payout,124.8,12480,0,346.4,34640,0,sim_v2_bet_00020
2.0,draftkings,sim_v2_account_001,sim_v2_connection_001,USD,demo,SYNTHETIC,UTC,sim_v2_tx_00032,2026-08-12T16:23:00.000Z,wager,Wagers - Sportsbook,Simulated wager,-16,-1600,0,330.4,33040,0,sim_v2_bet_00021
2.0,draftkings,sim_v2_account_001,sim_v2_connection_001,USD,demo,SYNTHETIC,UTC,sim_v2_tx_00033,2026-08-12T18:28:00.000Z,withdrawal,Withdrawals - Financial,Simulated withdrawal,-80,-8000,0,250.4,25040,0,
2.0,draftkings,sim_v2_account_001,sim_v2_connection_001,USD,demo,SYNTHETIC,UTC,sim_v2_tx_00034,2026-08-12T19:47:00.000Z,wager,Wagers - Sportsbook,Simulated wager,-24,-2400,0,226.4,22640,0,sim_v2_bet_00022
2.0,draftkings,sim_v2_account_001,sim_v2_connection_001,USD,demo,SYNTHETIC,UTC,sim_v2_tx_00035,2026-08-13T16:18:00.000Z,wager,Wagers - Sportsbook,Simulated wager,-36,-3600,0,190.4,19040,0,sim_v2_bet_00023
2.0,draftkings,sim_v2_account_001,sim_v2_connection_001,USD,demo,SYNTHETIC,UTC,sim_v2_tx_00036,2026-08-13T18:18:00.000Z,payout,Winnings - Sportsbook,Simulated payout,82.8,8280,0,273.2,27320,0,sim_v2_bet_00023
2.0,draftkings,sim_v2_account_001,sim_v2_connection_001,USD,demo,SYNTHETIC,UTC,sim_v2_tx_00037,2026-08-13T19:49:00.000Z,wager,Wagers - Sportsbook,Simulated wager,-48,-4800,0,225.2,22520,0,sim_v2_bet_00024
2.0,draftkings,sim_v2_account_001,sim_v2_connection_001,USD,demo,SYNTHETIC,UTC,sim_v2_tx_00038,2026-08-14T16:20:00.000Z,wager,Wagers - Sportsbook,Simulated wager,-16,-1600,0,209.2,20920,0,sim_v2_bet_00025
2.0,draftkings,sim_v2_account_001,sim_v2_connection_001,USD,demo,SYNTHETIC,UTC,sim_v2_tx_00039,2026-08-14T18:20:00.000Z,payout,Winnings - Sportsbook,Simulated payout,30.54,3054,0,239.74,23974,0,sim_v2_bet_00025
2.0,draftkings,sim_v2_account_001,sim_v2_connection_001,USD,demo,SYNTHETIC,UTC,sim_v2_tx_00040,2026-08-14T19:51:00.000Z,wager,Wagers - Sportsbook,Simulated wager,-24,-2400,0,215.74,21574,0,sim_v2_bet_00026
2.0,draftkings,sim_v2_account_001,sim_v2_connection_001,USD,demo,SYNTHETIC,UTC,sim_v2_tx_00041,2026-08-15T16:22:00.000Z,wager,Wagers - Sportsbook,Simulated wager,-36,-3600,0,179.74,17974,0,sim_v2_bet_00027
2.0,draftkings,sim_v2_account_001,sim_v2_connection_001,USD,demo,SYNTHETIC,UTC,sim_v2_tx_00042,2026-08-15T18:22:00.000Z,payout,Winnings - Sportsbook,Simulated payout,82.8,8280,0,262.54,26254,0,sim_v2_bet_00027
2.0,draftkings,sim_v2_account_001,sim_v2_connection_001,USD,demo,SYNTHETIC,UTC,sim_v2_tx_00043,2026-08-15T19:53:00.000Z,wager,Wagers - Sportsbook,Simulated wager,-48,-4800,0,214.54,21454,0,sim_v2_bet_00028
2.0,draftkings,sim_v2_account_001,sim_v2_connection_001,USD,demo,SYNTHETIC,UTC,sim_v2_tx_00044,2026-08-15T21:53:00.000Z,payout,Winnings - Sportsbook,Simulated payout,249.6,24960,0,464.14,46414,0,sim_v2_bet_00028
2.0,draftkings,sim_v2_account_001,sim_v2_connection_001,USD,demo,SYNTHETIC,UTC,sim_v2_tx_00045,2026-08-16T16:17:00.000Z,wager,Wagers - Sportsbook,Simulated wager,-16,-1600,0,448.14,44814,0,sim_v2_bet_00029
2.0,draftkings,sim_v2_account_001,sim_v2_connection_001,USD,demo,SYNTHETIC,UTC,sim_v2_tx_00046,2026-08-16T19:48:00.000Z,wager,Wagers - Sportsbook,Simulated wager,-24,-2400,0,424.14,42414,0,sim_v2_bet_00030
2.0,draftkings,sim_v2_account_001,sim_v2_connection_001,USD,demo,SYNTHETIC,UTC,sim_v2_tx_00047,2026-08-16T21:48:00.000Z,payout,Winnings - Sportsbook,Simulated payout,43.2,4320,0,467.34,46734,0,sim_v2_bet_00030
2.0,draftkings,sim_v2_account_001,sim_v2_connection_001,USD,demo,SYNTHETIC,UTC,sim_v2_tx_00048,2026-08-17T16:17:00.000Z,deposit,Deposits - Financial,Simulated deposit,100,10000,0,567.34,56734,0,
2.0,draftkings,sim_v2_account_001,sim_v2_connection_001,USD,demo,SYNTHETIC,UTC,sim_v2_tx_00049,2026-08-17T16:19:00.000Z,wager,Wagers - Sportsbook,Simulated wager,-36,-3600,0,531.34,53134,0,sim_v2_bet_00031
2.0,draftkings,sim_v2_account_001,sim_v2_connection_001,USD,demo,SYNTHETIC,UTC,sim_v2_tx_00050,2026-08-17T19:50:00.000Z,wager,Wagers - Sportsbook,Simulated wager,-48,-4800,0,483.34,48334,0,sim_v2_bet_00032
2.0,draftkings,sim_v2_account_001,sim_v2_connection_001,USD,demo,SYNTHETIC,UTC,sim_v2_tx_00051,2026-08-17T21:50:00.000Z,payout,Winnings - Sportsbook,Simulated payout,124.8,12480,0,608.14,60814,0,sim_v2_bet_00032
2.0,draftkings,sim_v2_account_001,sim_v2_connection_001,USD,demo,SYNTHETIC,UTC,sim_v2_tx_00052,2026-08-18T16:21:00.000Z,wager,Wagers - Sportsbook,Simulated wager,-16,-1600,0,592.14,59214,0,sim_v2_bet_00033
2.0,draftkings,sim_v2_account_001,sim_v2_connection_001,USD,demo,SYNTHETIC,UTC,sim_v2_tx_00053,2026-08-18T19:52:00.000Z,wager,Wagers - Sportsbook,Simulated wager,-24,-2400,0,568.14,56814,0,sim_v2_bet_00034
2.0,draftkings,sim_v2_account_001,sim_v2_connection_001,USD,demo,SYNTHETIC,UTC,sim_v2_tx_00054,2026-08-18T21:52:00.000Z,payout,Winnings - Sportsbook,Simulated payout,43.2,4320,0,611.34,61134,0,sim_v2_bet_00034
2.0,draftkings,sim_v2_account_001,sim_v2_connection_001,USD,demo,SYNTHETIC,UTC,sim_v2_tx_00055,2026-08-19T16:23:00.000Z,wager,Wagers - Sportsbook,Simulated wager,-36,-3600,0,575.34,57534,0,sim_v2_bet_00035
2.0,draftkings,sim_v2_account_001,sim_v2_connection_001,USD,demo,SYNTHETIC,UTC,sim_v2_tx_00056,2026-08-19T19:47:00.000Z,wager,Wagers - Sportsbook,Simulated wager,-48,-4800,0,527.34,52734,0,sim_v2_bet_00036
2.0,draftkings,sim_v2_account_001,sim_v2_connection_001,USD,demo,SYNTHETIC,UTC,sim_v2_tx_00057,2026-08-19T21:47:00.000Z,payout,Winnings - Sportsbook,Simulated payout,124.8,12480,0,652.14,65214,0,sim_v2_bet_00036
2.0,draftkings,sim_v2_account_001,sim_v2_connection_001,USD,demo,SYNTHETIC,UTC,sim_v2_tx_00058,2026-08-20T16:18:00.000Z,wager,Wagers - Sportsbook,Simulated wager,-16,-1600,0,636.14,63614,0,sim_v2_bet_00037
2.0,draftkings,sim_v2_account_001,sim_v2_connection_001,USD,demo,SYNTHETIC,UTC,sim_v2_tx_00059,2026-08-20T19:49:00.000Z,wager,Wagers - Sportsbook,Simulated wager,-24,-2400,0,612.14,61214,0,sim_v2_bet_00038
2.0,draftkings,sim_v2_account_001,sim_v2_connection_001,USD,demo,SYNTHETIC,UTC,sim_v2_tx_00060,2026-08-21T16:20:00.000Z,wager,Wagers - Sportsbook,Simulated wager,-36,-3600,0,576.14,57614,0,sim_v2_bet_00039
2.0,draftkings,sim_v2_account_001,sim_v2_connection_001,USD,demo,SYNTHETIC,UTC,sim_v2_tx_00061,2026-08-21T18:20:00.000Z,payout,Winnings - Sportsbook,Simulated payout,82.8,8280,0,658.94,65894,0,sim_v2_bet_00039
2.0,draftkings,sim_v2_account_001,sim_v2_connection_001,USD,demo,SYNTHETIC,UTC,sim_v2_tx_00062,2026-08-21T19:50:30.000Z,bonus_award,Promotions,Simulated bonus award,0,0,4800,658.94,65894,4800,
2.0,draftkings,sim_v2_account_001,sim_v2_connection_001,USD,demo,SYNTHETIC,UTC,sim_v2_tx_00063,2026-08-21T19:51:00.000Z,bonus_wager,Bonus wagers - Sportsbook,Simulated bonus wager,0,0,-4800,658.94,65894,0,sim_v2_bet_00040
2.0,draftkings,sim_v2_account_001,sim_v2_connection_001,USD,demo,SYNTHETIC,UTC,sim_v2_tx_00064,2026-08-22T16:22:00.000Z,wager,Wagers - Sportsbook,Simulated wager,-16,-1600,0,642.94,64294,0,sim_v2_bet_00041
2.0,draftkings,sim_v2_account_001,sim_v2_connection_001,USD,demo,SYNTHETIC,UTC,sim_v2_tx_00065,2026-08-22T19:53:00.000Z,wager,Wagers - Sportsbook,Simulated wager,-24,-2400,0,618.94,61894,0,sim_v2_bet_00042
2.0,draftkings,sim_v2_account_001,sim_v2_connection_001,USD,demo,SYNTHETIC,UTC,sim_v2_tx_00066,2026-08-22T21:53:00.000Z,payout,Winnings - Sportsbook,Simulated payout,43.2,4320,0,662.14,66214,0,sim_v2_bet_00042
2.0,draftkings,sim_v2_account_001,sim_v2_connection_001,USD,demo,SYNTHETIC,UTC,sim_v2_tx_00067,2026-08-23T16:17:00.000Z,wager,Wagers - Sportsbook,Simulated wager,-36,-3600,0,626.14,62614,0,sim_v2_bet_00043
2.0,draftkings,sim_v2_account_001,sim_v2_connection_001,USD,demo,SYNTHETIC,UTC,sim_v2_tx_00068,2026-08-23T18:17:00.000Z,payout,Winnings - Sportsbook,Simulated payout,82.8,8280,0,708.94,70894,0,sim_v2_bet_00043
2.0,draftkings,sim_v2_account_001,sim_v2_connection_001,USD,demo,SYNTHETIC,UTC,sim_v2_tx_00069,2026-08-23T19:48:00.000Z,wager,Wagers - Sportsbook,Simulated wager,-48,-4800,0,660.94,66094,0,sim_v2_bet_00044
2.0,draftkings,sim_v2_account_001,sim_v2_connection_001,USD,demo,SYNTHETIC,UTC,sim_v2_tx_00070,2026-08-23T21:48:00.000Z,payout,Winnings - Sportsbook,Simulated payout,124.8,12480,0,785.74,78574,0,sim_v2_bet_00044
2.0,draftkings,sim_v2_account_001,sim_v2_connection_001,USD,demo,SYNTHETIC,UTC,sim_v2_tx_00071,2026-08-24T16:19:00.000Z,wager,Wagers - Sportsbook,Simulated wager,-16,-1600,0,769.74,76974,0,sim_v2_bet_00045
2.0,draftkings,sim_v2_account_001,sim_v2_connection_001,USD,demo,SYNTHETIC,UTC,sim_v2_tx_00072,2026-08-24T19:50:00.000Z,wager,Wagers - Sportsbook,Simulated wager,-24,-2400,0,745.74,74574,0,sim_v2_bet_00046
2.0,draftkings,sim_v2_account_001,sim_v2_connection_001,USD,demo,SYNTHETIC,UTC,sim_v2_tx_00073,2026-08-25T16:21:00.000Z,wager,Wagers - Sportsbook,Simulated wager,-36,-3600,0,709.74,70974,0,sim_v2_bet_00047
2.0,draftkings,sim_v2_account_001,sim_v2_connection_001,USD,demo,SYNTHETIC,UTC,sim_v2_tx_00074,2026-08-25T19:52:00.000Z,wager,Wagers - Sportsbook,Simulated wager,-48,-4800,0,661.74,66174,0,sim_v2_bet_00048
2.0,draftkings,sim_v2_account_001,sim_v2_connection_001,USD,demo,SYNTHETIC,UTC,sim_v2_tx_00075,2026-08-25T21:52:00.000Z,payout,Winnings - Sportsbook,Simulated payout,124.8,12480,0,786.54,78654,0,sim_v2_bet_00048
2.0,draftkings,sim_v2_account_001,sim_v2_connection_001,USD,demo,SYNTHETIC,UTC,sim_v2_tx_00076,2026-08-26T16:23:00.000Z,wager,Wagers - Sportsbook,Simulated wager,-16,-1600,0,770.54,77054,0,sim_v2_bet_00049
2.0,draftkings,sim_v2_account_001,sim_v2_connection_001,USD,demo,SYNTHETIC,UTC,sim_v2_tx_00077,2026-08-26T19:47:00.000Z,wager,Wagers - Sportsbook,Simulated wager,-24,-2400,0,746.54,74654,0,sim_v2_bet_00050
2.0,draftkings,sim_v2_account_001,sim_v2_connection_001,USD,demo,SYNTHETIC,UTC,sim_v2_tx_00078,2026-08-26T21:47:00.000Z,payout,Winnings - Sportsbook,Simulated payout,43.2,4320,0,789.74,78974,0,sim_v2_bet_00050
2.0,draftkings,sim_v2_account_001,sim_v2_connection_001,USD,demo,SYNTHETIC,UTC,sim_v2_tx_00079,2026-08-27T16:18:00.000Z,wager,Wagers - Sportsbook,Simulated wager,-120,-12000,0,669.74,66974,0,sim_v2_bet_00051
2.0,draftkings,sim_v2_account_001,sim_v2_connection_001,USD,demo,SYNTHETIC,UTC,sim_v2_tx_00080,2026-08-27T19:49:00.000Z,wager,Wagers - Sportsbook,Simulated wager,-150,-15000,0,519.74,51974,0,sim_v2_bet_00052
2.0,draftkings,sim_v2_account_001,sim_v2_connection_001,USD,demo,SYNTHETIC,UTC,sim_v2_tx_00081,2026-08-27T21:49:00.000Z,payout,Winnings - Sportsbook,Simulated payout,390,39000,0,909.74,90974,0,sim_v2_bet_00052
2.0,draftkings,sim_v2_account_001,sim_v2_connection_001,USD,demo,SYNTHETIC,UTC,sim_v2_tx_00082,2026-08-28T16:20:00.000Z,wager,Wagers - Sportsbook,Simulated wager,-16,-1600,0,893.74,89374,0,sim_v2_bet_00053
2.0,draftkings,sim_v2_account_001,sim_v2_connection_001,USD,demo,SYNTHETIC,UTC,sim_v2_tx_00083,2026-08-28T19:51:00.000Z,wager,Wagers - Sportsbook,Simulated wager,-24,-2400,0,869.74,86974,0,sim_v2_bet_00054
2.0,draftkings,sim_v2_account_001,sim_v2_connection_001,USD,demo,SYNTHETIC,UTC,sim_v2_tx_00084,2026-08-28T21:51:00.000Z,refund,Refunds - Sportsbook,Simulated refund,24,2400,0,893.74,89374,0,sim_v2_bet_00054
2.0,draftkings,sim_v2_account_001,sim_v2_connection_001,USD,demo,SYNTHETIC,UTC,sim_v2_tx_00085,2026-08-29T16:22:00.000Z,wager,Wagers - Sportsbook,Simulated wager,-36,-3600,0,857.74,85774,0,sim_v2_bet_00055
2.0,draftkings,sim_v2_account_001,sim_v2_connection_001,USD,demo,SYNTHETIC,UTC,sim_v2_tx_00086,2026-08-29T19:53:00.000Z,wager,Wagers - Sportsbook,Simulated wager,-48,-4800,0,809.74,80974,0,sim_v2_bet_00056
2.0,draftkings,sim_v2_account_001,sim_v2_connection_001,USD,demo,SYNTHETIC,UTC,sim_v2_tx_00087,2026-08-29T21:53:00.000Z,payout,Winnings - Sportsbook,Simulated payout,124.8,12480,0,934.54,93454,0,sim_v2_bet_00056
2.0,draftkings,sim_v2_account_001,sim_v2_connection_001,USD,demo,SYNTHETIC,UTC,sim_v2_tx_00088,2026-08-30T16:17:00.000Z,wager,Wagers - Sportsbook,Simulated wager,-16,-1600,0,918.54,91854,0,sim_v2_bet_00057
2.0,draftkings,sim_v2_account_001,sim_v2_connection_001,USD,demo,SYNTHETIC,UTC,sim_v2_tx_00089,2026-08-30T19:48:00.000Z,wager,Wagers - Sportsbook,Simulated wager,-24,-2400,0,894.54,89454,0,sim_v2_bet_00058
2.0,draftkings,sim_v2_account_001,sim_v2_connection_001,USD,demo,SYNTHETIC,UTC,sim_v2_tx_00090,2026-08-31T16:19:00.000Z,wager,Wagers - Sportsbook,Simulated wager,-36,-3600,0,858.54,85854,0,sim_v2_bet_00059
2.0,draftkings,sim_v2_account_001,sim_v2_connection_001,USD,demo,SYNTHETIC,UTC,sim_v2_tx_00091,2026-08-31T18:19:00.000Z,payout,Winnings - Sportsbook,Simulated payout,82.8,8280,0,941.34,94134,0,sim_v2_bet_00059
2.0,draftkings,sim_v2_account_001,sim_v2_connection_001,USD,demo,SYNTHETIC,UTC,sim_v2_tx_00092,2026-08-31T19:50:00.000Z,wager,Wagers - Sportsbook,Simulated wager,-48,-4800,0,893.34,89334,0,sim_v2_bet_00060
2.0,draftkings,sim_v2_account_001,sim_v2_connection_001,USD,demo,SYNTHETIC,UTC,sim_v2_tx_00093,2026-08-31T21:50:00.000Z,payout,Winnings - Sportsbook,Simulated payout,124.8,12480,0,1018.14,101814,0,sim_v2_bet_00060
2.0,draftkings,sim_v2_account_001,sim_v2_connection_001,USD,demo,SYNTHETIC,UTC,sim_v2_tx_00094,2026-09-01T16:21:00.000Z,wager,Wagers - Sportsbook,Simulated wager,-16,-1600,0,1002.14,100214,0,sim_v2_bet_00061
2.0,draftkings,sim_v2_account_001,sim_v2_connection_001,USD,demo,SYNTHETIC,UTC,sim_v2_tx_00095,2026-09-01T18:21:00.000Z,payout,Winnings - Sportsbook,Simulated payout,30.54,3054,0,1032.68,103268,0,sim_v2_bet_00061
2.0,draftkings,sim_v2_account_001,sim_v2_connection_001,USD,demo,SYNTHETIC,UTC,sim_v2_tx_00096,2026-09-01T18:26:00.000Z,withdrawal,Withdrawals - Financial,Simulated withdrawal,-80,-8000,0,952.68,95268,0,
2.0,draftkings,sim_v2_account_001,sim_v2_connection_001,USD,demo,SYNTHETIC,UTC,sim_v2_tx_00097,2026-09-01T19:52:00.000Z,wager,Wagers - Sportsbook,Simulated wager,-24,-2400,0,928.68,92868,0,sim_v2_bet_00062
2.0,draftkings,sim_v2_account_001,sim_v2_connection_001,USD,demo,SYNTHETIC,UTC,sim_v2_tx_00098,2026-09-01T21:52:00.000Z,payout,Winnings - Sportsbook,Simulated payout,43.2,4320,0,971.88,97188,0,sim_v2_bet_00062
2.0,draftkings,sim_v2_account_001,sim_v2_connection_001,USD,demo,SYNTHETIC,UTC,sim_v2_tx_00099,2026-09-02T16:21:00.000Z,deposit,Deposits - Financial,Simulated deposit,100,10000,0,1071.88,107188,0,
2.0,draftkings,sim_v2_account_001,sim_v2_connection_001,USD,demo,SYNTHETIC,UTC,sim_v2_tx_00100,2026-09-02T16:23:00.000Z,wager,Wagers - Sportsbook,Simulated wager,-36,-3600,0,1035.88,103588,0,sim_v2_bet_00063
2.0,draftkings,sim_v2_account_001,sim_v2_connection_001,USD,demo,SYNTHETIC,UTC,sim_v2_tx_00101,2026-09-02T18:23:00.000Z,payout,Winnings - Sportsbook,Simulated payout,82.8,8280,0,1118.68,111868,0,sim_v2_bet_00063
2.0,draftkings,sim_v2_account_001,sim_v2_connection_001,USD,demo,SYNTHETIC,UTC,sim_v2_tx_00102,2026-09-02T19:47:00.000Z,wager,Wagers - Sportsbook,Simulated wager,-48,-4800,0,1070.68,107068,0,sim_v2_bet_00064
2.0,draftkings,sim_v2_account_001,sim_v2_connection_001,USD,demo,SYNTHETIC,UTC,sim_v2_tx_00103,2026-09-02T21:47:00.000Z,payout,Winnings - Sportsbook,Simulated payout,249.6,24960,0,1320.28,132028,0,sim_v2_bet_00064
2.0,draftkings,sim_v2_account_001,sim_v2_connection_001,USD,demo,SYNTHETIC,UTC,sim_v2_tx_00104,2026-09-03T16:18:00.000Z,wager,Wagers - Sportsbook,Simulated wager,-16,-1600,0,1304.28,130428,0,sim_v2_bet_00065
2.0,draftkings,sim_v2_account_001,sim_v2_connection_001,USD,demo,SYNTHETIC,UTC,sim_v2_tx_00105,2026-09-03T18:18:00.000Z,payout,Winnings - Sportsbook,Simulated payout,30.54,3054,0,1334.82,133482,0,sim_v2_bet_00065
2.0,draftkings,sim_v2_account_001,sim_v2_connection_001,USD,demo,SYNTHETIC,UTC,sim_v2_tx_00106,2026-09-03T19:49:00.000Z,wager,Wagers - Sportsbook,Simulated wager,-24,-2400,0,1310.82,131082,0,sim_v2_bet_00066
2.0,draftkings,sim_v2_account_001,sim_v2_connection_001,USD,demo,SYNTHETIC,UTC,sim_v2_tx_00107,2026-09-04T16:20:00.000Z,wager,Wagers - Sportsbook,Simulated wager,-36,-3600,0,1274.82,127482,0,sim_v2_bet_00067
2.0,draftkings,sim_v2_account_001,sim_v2_connection_001,USD,demo,SYNTHETIC,UTC,sim_v2_tx_00108,2026-09-04T19:51:00.000Z,wager,Wagers - Sportsbook,Simulated wager,-48,-4800,0,1226.82,122682,0,sim_v2_bet_00068
2.0,draftkings,sim_v2_account_001,sim_v2_connection_001,USD,demo,SYNTHETIC,UTC,sim_v2_tx_00109,2026-09-04T21:51:00.000Z,payout,Winnings - Sportsbook,Simulated payout,124.8,12480,0,1351.62,135162,0,sim_v2_bet_00068
2.0,draftkings,sim_v2_account_001,sim_v2_connection_001,USD,demo,SYNTHETIC,UTC,sim_v2_tx_00110,2026-09-05T16:21:30.000Z,bonus_award,Promotions,Simulated bonus award,0,0,1600,1351.62,135162,1600,
2.0,draftkings,sim_v2_account_001,sim_v2_connection_001,USD,demo,SYNTHETIC,UTC,sim_v2_tx_00111,2026-09-05T16:22:00.000Z,bonus_wager,Bonus wagers - Sportsbook,Simulated bonus wager,0,0,-1600,1351.62,135162,0,sim_v2_bet_00069
2.0,draftkings,sim_v2_account_001,sim_v2_connection_001,USD,demo,SYNTHETIC,UTC,sim_v2_tx_00112,2026-09-05T18:22:00.000Z,payout,Winnings - Sportsbook,Simulated payout,14.54,1454,0,1366.16,136616,0,sim_v2_bet_00069
2.0,draftkings,sim_v2_account_001,sim_v2_connection_001,USD,demo,SYNTHETIC,UTC,sim_v2_tx_00113,2026-09-05T19:53:00.000Z,wager,Wagers - Sportsbook,Simulated wager,-24,-2400,0,1342.16,134216,0,sim_v2_bet_00070
2.0,draftkings,sim_v2_account_001,sim_v2_connection_001,USD,demo,SYNTHETIC,UTC,sim_v2_tx_00114,2026-09-05T21:53:00.000Z,payout,Winnings - Sportsbook,Simulated payout,43.2,4320,0,1385.36,138536,0,sim_v2_bet_00070
2.0,draftkings,sim_v2_account_001,sim_v2_connection_001,USD,demo,SYNTHETIC,UTC,sim_v2_tx_00115,2026-09-06T16:17:00.000Z,wager,Wagers - Sportsbook,Simulated wager,-36,-3600,0,1349.36,134936,0,sim_v2_bet_00071
2.0,draftkings,sim_v2_account_001,sim_v2_connection_001,USD,demo,SYNTHETIC,UTC,sim_v2_tx_00116,2026-09-06T19:48:00.000Z,wager,Wagers - Sportsbook,Simulated wager,-48,-4800,0,1301.36,130136,0,sim_v2_bet_00072
2.0,draftkings,sim_v2_account_001,sim_v2_connection_001,USD,demo,SYNTHETIC,UTC,sim_v2_tx_00117,2026-09-07T16:19:00.000Z,wager,Wagers - Sportsbook,Simulated wager,-120,-12000,0,1181.36,118136,0,sim_v2_bet_00073
2.0,draftkings,sim_v2_account_001,sim_v2_connection_001,USD,demo,SYNTHETIC,UTC,sim_v2_tx_00118,2026-09-07T19:50:00.000Z,wager,Wagers - Sportsbook,Simulated wager,-150,-15000,0,1031.36,103136,0,sim_v2_bet_00074
2.0,draftkings,sim_v2_account_001,sim_v2_connection_001,USD,demo,SYNTHETIC,UTC,sim_v2_tx_00119,2026-09-08T16:21:00.000Z,wager,Wagers - Sportsbook,Simulated wager,-36,-3600,0,995.36,99536,0,sim_v2_bet_00075
2.0,draftkings,sim_v2_account_001,sim_v2_connection_001,USD,demo,SYNTHETIC,UTC,sim_v2_tx_00120,2026-09-08T18:21:00.000Z,payout,Winnings - Sportsbook,Simulated payout,82.8,8280,0,1078.16,107816,0,sim_v2_bet_00075
2.0,draftkings,sim_v2_account_001,sim_v2_connection_001,USD,demo,SYNTHETIC,UTC,sim_v2_tx_00121,2026-09-08T19:52:00.000Z,wager,Wagers - Sportsbook,Simulated wager,-48,-4800,0,1030.16,103016,0,sim_v2_bet_00076
2.0,draftkings,sim_v2_account_001,sim_v2_connection_001,USD,demo,SYNTHETIC,UTC,sim_v2_tx_00122,2026-09-09T16:23:00.000Z,wager,Wagers - Sportsbook,Simulated wager,-16,-1600,0,1014.16,101416,0,sim_v2_bet_00077
2.0,draftkings,sim_v2_account_001,sim_v2_connection_001,USD,demo,SYNTHETIC,UTC,sim_v2_tx_00123,2026-09-09T19:47:00.000Z,wager,Wagers - Sportsbook,Simulated wager,-24,-2400,0,990.16,99016,0,sim_v2_bet_00078
2.0,draftkings,sim_v2_account_001,sim_v2_connection_001,USD,demo,SYNTHETIC,UTC,sim_v2_tx_00124,2026-09-09T21:47:00.000Z,payout,Winnings - Sportsbook,Simulated payout,43.2,4320,0,1033.36,103336,0,sim_v2_bet_00078
2.0,draftkings,sim_v2_account_001,sim_v2_connection_001,USD,demo,SYNTHETIC,UTC,sim_v2_tx_00125,2026-09-10T16:18:00.000Z,wager,Wagers - Sportsbook,Simulated wager,-36,-3600,0,997.36,99736,0,sim_v2_bet_00079
2.0,draftkings,sim_v2_account_001,sim_v2_connection_001,USD,demo,SYNTHETIC,UTC,sim_v2_tx_00126,2026-09-10T18:18:00.000Z,payout,Winnings - Sportsbook,Simulated payout,82.8,8280,0,1080.16,108016,0,sim_v2_bet_00079
2.0,draftkings,sim_v2_account_001,sim_v2_connection_001,USD,demo,SYNTHETIC,UTC,sim_v2_tx_00127,2026-09-10T19:49:00.000Z,wager,Wagers - Sportsbook,Simulated wager,-48,-4800,0,1032.16,103216,0,sim_v2_bet_00080
2.0,draftkings,sim_v2_account_001,sim_v2_connection_001,USD,demo,SYNTHETIC,UTC,sim_v2_tx_00128,2026-09-10T21:49:00.000Z,payout,Winnings - Sportsbook,Simulated payout,124.8,12480,0,1156.96,115696,0,sim_v2_bet_00080
2.0,draftkings,sim_v2_account_001,sim_v2_connection_001,USD,demo,SYNTHETIC,UTC,sim_v2_tx_00129,2026-09-11T16:20:00.000Z,wager,Wagers - Sportsbook,Simulated wager,-16,-1600,0,1140.96,114096,0,sim_v2_bet_00081
2.0,draftkings,sim_v2_account_001,sim_v2_connection_001,USD,demo,SYNTHETIC,UTC,sim_v2_tx_00130,2026-09-11T18:20:00.000Z,payout,Winnings - Sportsbook,Simulated payout,30.54,3054,0,1171.50,117150,0,sim_v2_bet_00081
2.0,draftkings,sim_v2_account_001,sim_v2_connection_001,USD,demo,SYNTHETIC,UTC,sim_v2_tx_00131,2026-09-11T19:51:00.000Z,wager,Wagers - Sportsbook,Simulated wager,-24,-2400,0,1147.50,114750,0,sim_v2_bet_00082
2.0,draftkings,sim_v2_account_001,sim_v2_connection_001,USD,demo,SYNTHETIC,UTC,sim_v2_tx_00132,2026-09-11T21:51:00.000Z,payout,Winnings - Sportsbook,Simulated payout,124.8,12480,0,1272.30,127230,0,sim_v2_bet_00082
2.0,draftkings,sim_v2_account_001,sim_v2_connection_001,USD,demo,SYNTHETIC,UTC,sim_v2_tx_00133,2026-09-12T16:22:00.000Z,wager,Wagers - Sportsbook,Simulated wager,-36,-3600,0,1236.30,123630,0,sim_v2_bet_00083
2.0,draftkings,sim_v2_account_001,sim_v2_connection_001,USD,demo,SYNTHETIC,UTC,sim_v2_tx_00134,2026-09-12T18:22:00.000Z,payout,Winnings - Sportsbook,Simulated payout,82.8,8280,0,1319.10,131910,0,sim_v2_bet_00083
2.0,draftkings,sim_v2_account_001,sim_v2_connection_001,USD,demo,SYNTHETIC,UTC,sim_v2_tx_00135,2026-09-12T19:53:00.000Z,wager,Wagers - Sportsbook,Simulated wager,-48,-4800,0,1271.10,127110,0,sim_v2_bet_00084
2.0,draftkings,sim_v2_account_001,sim_v2_connection_001,USD,demo,SYNTHETIC,UTC,sim_v2_tx_00136,2026-09-12T21:53:00.000Z,payout,Winnings - Sportsbook,Simulated payout,124.8,12480,0,1395.90,139590,0,sim_v2_bet_00084
2.0,draftkings,sim_v2_account_001,sim_v2_connection_001,USD,demo,SYNTHETIC,UTC,sim_v2_tx_00137,2026-09-13T16:17:00.000Z,wager,Wagers - Sportsbook,Simulated wager,-16,-1600,0,1379.90,137990,0,sim_v2_bet_00085
2.0,draftkings,sim_v2_account_001,sim_v2_connection_001,USD,demo,SYNTHETIC,UTC,sim_v2_tx_00138,2026-09-13T19:48:00.000Z,wager,Wagers - Sportsbook,Simulated wager,-24,-2400,0,1355.90,135590,0,sim_v2_bet_00086
2.0,draftkings,sim_v2_account_001,sim_v2_connection_001,USD,demo,SYNTHETIC,UTC,sim_v2_tx_00139,2026-09-14T16:19:00.000Z,wager,Wagers - Sportsbook,Simulated wager,-36,-3600,0,1319.90,131990,0,sim_v2_bet_00087
2.0,draftkings,sim_v2_account_001,sim_v2_connection_001,USD,demo,SYNTHETIC,UTC,sim_v2_tx_00140,2026-09-14T19:50:00.000Z,wager,Wagers - Sportsbook,Simulated wager,-48,-4800,0,1271.90,127190,0,sim_v2_bet_00088
