schema_version,provider,account_id,connection_id,currency,data_mode,source,timezone,bet_id,placed_at,settled_at,sport,league,event,market,selection,bet_type,legs,odds_american,wager,stake_minor,cash_stake_minor,bonus_stake_minor,result,status,payout,payout_minor,refund_minor,promo,wager_transaction_id,settlement_transaction_id,event_details_status,settlement_time_status
2.0,draftkings,sim_v2_account_001,sim_v2_connection_001,USD,demo,SYNTHETIC,UTC,sim_v2_bet_00001,2026-08-02T16:17:00.000Z,2026-08-02T18:17:00.000Z,Basketball,Fictional Demo League,Demo Harbor 1 vs Demo Summit 1,Two-leg combined market,Demo Harbor win + game total over 155.5,Parlay,2,420,16,1600,1600,0,Lost,lost,0,0,0,,sim_v2_tx_00002,,fictional,synthetic
2.0,draftkings,sim_v2_account_001,sim_v2_connection_001,USD,demo,SYNTHETIC,UTC,sim_v2_bet_00002,2026-08-02T19:48:00.000Z,2026-08-02T21:48:00.000Z,Basketball,Fictional Demo League,Demo Harbor 1 vs Demo Summit 1,Moneyline,Demo Harbor to win,Straight,1,-125,24,2400,2400,0,Won,won,43.2,4320,0,,sim_v2_tx_00003,sim_v2_tx_00004,fictional,synthetic
2.0,draftkings,sim_v2_account_001,sim_v2_connection_001,USD,demo,SYNTHETIC,UTC,sim_v2_bet_00003,2026-08-03T16:19:00.000Z,2026-08-03T18:19:00.000Z,Basketball,Fictional Demo League,Demo Harbor 2 vs Demo Summit 2,Moneyline,Demo Harbor to win,Straight,1,130,36,3600,3600,0,Won,won,82.8,8280,0,,sim_v2_tx_00005,sim_v2_tx_00006,fictional,synthetic
2.0,draftkings,sim_v2_account_001,sim_v2_connection_001,USD,demo,SYNTHETIC,UTC,sim_v2_bet_00004,2026-08-03T19:50:00.000Z,2026-08-03T21:50:00.000Z,Basketball,Fictional Demo League,Demo Harbor 2 vs Demo Summit 2,Moneyline,Demo Harbor to win,Straight,1,160,48,4800,4800,0,Won,won,124.8,12480,0,,sim_v2_tx_00007,sim_v2_tx_00008,fictional,synthetic
2.0,draftkings,sim_v2_account_001,sim_v2_connection_001,USD,demo,SYNTHETIC,UTC,sim_v2_bet_00005,2026-08-04T16:21:00.000Z,2026-08-04T18:21:00.000Z,Basketball,Fictional Demo League,Demo Harbor 3 vs Demo Summit 3,Moneyline,Demo Harbor to win,Straight,1,-110,16,1600,1600,0,Lost,lost,0,0,0,,sim_v2_tx_00009,,fictional,synthetic
2.0,draftkings,sim_v2_account_001,sim_v2_connection_001,USD,demo,SYNTHETIC,UTC,sim_v2_bet_00006,2026-08-04T19:52:00.000Z,2026-08-04T21:52:00.000Z,Basketball,Fictional Demo League,Demo Harbor 3 vs Demo Summit 3,Moneyline,Demo Harbor to win,Straight,1,-125,24,2400,2400,0,Won,won,43.2,4320,0,,sim_v2_tx_00010,sim_v2_tx_00011,fictional,synthetic
2.0,draftkings,sim_v2_account_001,sim_v2_connection_001,USD,demo,SYNTHETIC,UTC,sim_v2_bet_00007,2026-08-05T16:23:00.000Z,2026-08-05T18:23:00.000Z,Basketball,Fictional Demo League,Demo Harbor 4 vs Demo Summit 4,Moneyline,Demo Harbor to win,Straight,1,130,36,3600,3600,0,Won,won,82.8,8280,0,,sim_v2_tx_00012,sim_v2_tx_00013,fictional,synthetic
2.0,draftkings,sim_v2_account_001,sim_v2_connection_001,USD,demo,SYNTHETIC,UTC,sim_v2_bet_00008,2026-08-05T19:47:00.000Z,2026-08-05T21:47:00.000Z,Basketball,Fictional Demo League,Demo Harbor 4 vs Demo Summit 4,Moneyline,Demo Harbor to win,Straight,1,160,48,4800,4800,0,Lost,lost,0,0,0,,sim_v2_tx_00014,,fictional,synthetic
2.0,draftkings,sim_v2_account_001,sim_v2_connection_001,USD,demo,SYNTHETIC,UTC,sim_v2_bet_00009,2026-08-06T16:18:00.000Z,2026-08-06T18:18:00.000Z,Basketball,Fictional Demo League,Demo Harbor 5 vs Demo Summit 5,Moneyline,Demo Harbor to win,Straight,1,-110,16,1600,1600,0,Lost,lost,0,0,0,,sim_v2_tx_00015,,fictional,synthetic
2.0,draftkings,sim_v2_account_001,sim_v2_connection_001,USD,demo,SYNTHETIC,UTC,sim_v2_bet_00010,2026-08-06T19:49:00.000Z,2026-08-06T21:49:00.000Z,Basketball,Fictional Demo League,Demo Harbor 5 vs Demo Summit 5,Two-leg combined market,Demo Harbor win + game total over 155.5,Parlay,2,420,24,2400,2400,0,Lost,lost,0,0,0,,sim_v2_tx_00016,,fictional,synthetic
2.0,draftkings,sim_v2_account_001,sim_v2_connection_001,USD,demo,SYNTHETIC,UTC,sim_v2_bet_00011,2026-08-07T16:20:00.000Z,2026-08-07T18:20:00.000Z,Basketball,Fictional Demo League,Demo Harbor 6 vs Demo Summit 6,Moneyline,Demo Harbor to win,Straight,1,130,36,3600,3600,0,Lost,lost,0,0,0,,sim_v2_tx_00017,,fictional,synthetic
2.0,draftkings,sim_v2_account_001,sim_v2_connection_001,USD,demo,SYNTHETIC,UTC,sim_v2_bet_00012,2026-08-07T19:51:00.000Z,2026-08-07T21:51:00.000Z,Basketball,Fictional Demo League,Demo Harbor 6 vs Demo Summit 6,Moneyline,Demo Harbor to win,Straight,1,160,48,4800,4800,0,Lost,lost,0,0,0,,sim_v2_tx_00018,,fictional,synthetic
2.0,draftkings,sim_v2_account_001,sim_v2_connection_001,USD,demo,SYNTHETIC,UTC,sim_v2_bet_00013,2026-08-08T16:22:00.000Z,2026-08-08T18:22:00.000Z,Basketball,Fictional Demo League,Demo Harbor 7 vs Demo Summit 7,Moneyline,Demo Harbor to win,Straight,1,-110,16,1600,0,1600,Lost,lost,0,0,0,Demo Bonus Bet,sim_v2_tx_00020,,fictional,synthetic
2.0,draftkings,sim_v2_account_001,sim_v2_connection_001,USD,demo,SYNTHETIC,UTC,sim_v2_bet_00014,2026-08-08T19:53:00.000Z,2026-08-08T21:53:00.000Z,Basketball,Fictional Demo League,Demo Harbor 7 vs Demo Summit 7,Moneyline,Demo Harbor to win,Straight,1,-125,24,2400,2400,0,Lost,lost,0,0,0,,sim_v2_tx_00021,,fictional,synthetic
2.0,draftkings,sim_v2_account_001,sim_v2_connection_001,USD,demo,SYNTHETIC,UTC,sim_v2_bet_00015,2026-08-09T16:17:00.000Z,2026-08-09T18:17:00.000Z,Basketball,Fictional Demo League,Demo Harbor 8 vs Demo Summit 8,Moneyline,Demo Harbor to win,Straight,1,130,36,3600,3600,0,Lost,lost,0,0,0,,sim_v2_tx_00022,,fictional,synthetic
2.0,draftkings,sim_v2_account_001,sim_v2_connection_001,USD,demo,SYNTHETIC,UTC,sim_v2_bet_00016,2026-08-09T19:48:00.000Z,2026-08-09T21:48:00.000Z,Basketball,Fictional Demo League,Demo Harbor 8 vs Demo Summit 8,Moneyline,Demo Harbor to win,Straight,1,160,48,4800,4800,0,Won,won,124.8,12480,0,,sim_v2_tx_00024,sim_v2_tx_00025,fictional,synthetic
2.0,draftkings,sim_v2_account_001,sim_v2_connection_001,USD,demo,SYNTHETIC,UTC,sim_v2_bet_00017,2026-08-10T16:19:00.000Z,2026-08-10T18:19:00.000Z,Basketball,Fictional Demo League,Demo Harbor 9 vs Demo Summit 9,Moneyline,Demo Harbor to win,Straight,1,-110,16,1600,1600,0,Lost,lost,0,0,0,,sim_v2_tx_00026,,fictional,synthetic
2.0,draftkings,sim_v2_account_001,sim_v2_connection_001,USD,demo,SYNTHETIC,UTC,sim_v2_bet_00018,2026-08-10T19:50:00.000Z,2026-08-10T21:50:00.000Z,Basketball,Fictional Demo League,Demo Harbor 9 vs Demo Summit 9,Moneyline,Demo Harbor to win,Straight,1,-125,24,2400,2400,0,Push,push,0,0,2400,,sim_v2_tx_00027,sim_v2_tx_00028,fictional,synthetic
2.0,draftkings,sim_v2_account_001,sim_v2_connection_001,USD,demo,SYNTHETIC,UTC,sim_v2_bet_00019,2026-08-11T16:21:00.000Z,2026-08-11T18:21:00.000Z,Basketball,Fictional Demo League,Demo Harbor 10 vs Demo Summit 10,Two-leg combined market,Demo Harbor win + game total over 155.5,Parlay,2,420,36,3600,3600,0,Lost,lost,0,0,0,,sim_v2_tx_00029,,fictional,synthetic
2.0,draftkings,sim_v2_account_001,sim_v2_connection_001,USD,demo,SYNTHETIC,UTC,sim_v2_bet_00020,2026-08-11T19:52:00.000Z,2026-08-11T21:52:00.000Z,Basketball,Fictional Demo League,Demo Harbor 10 vs Demo Summit 10,Moneyline,Demo Harbor to win,Straight,1,160,48,4800,4800,0,Won,won,124.8,12480,0,,sim_v2_tx_00030,sim_v2_tx_00031,fictional,synthetic
2.0,draftkings,sim_v2_account_001,sim_v2_connection_001,USD,demo,SYNTHETIC,UTC,sim_v2_bet_00021,2026-08-12T16:23:00.000Z,2026-08-12T18:23:00.000Z,Basketball,Fictional Demo League,Demo Harbor 11 vs Demo Summit 11,Moneyline,Demo Harbor to win,Straight,1,-110,16,1600,1600,0,Lost,lost,0,0,0,,sim_v2_tx_00032,,fictional,synthetic
2.0,draftkings,sim_v2_account_001,sim_v2_connection_001,USD,demo,SYNTHETIC,UTC,sim_v2_bet_00022,2026-08-12T19:47:00.000Z,2026-08-12T21:47:00.000Z,Basketball,Fictional Demo League,Demo Harbor 11 vs Demo Summit 11,Moneyline,Demo Harbor to win,Straight,1,-125,24,2400,2400,0,Lost,lost,0,0,0,,sim_v2_tx_00034,,fictional,synthetic
2.0,draftkings,sim_v2_account_001,sim_v2_connection_001,USD,demo,SYNTHETIC,UTC,sim_v2_bet_00023,2026-08-13T16:18:00.000Z,2026-08-13T18:18:00.000Z,Basketball,Fictional Demo League,Demo Harbor 12 vs Demo Summit 12,Moneyline,Demo Harbor to win,Straight,1,130,36,3600,3600,0,Won,won,82.8,8280,0,,sim_v2_tx_00035,sim_v2_tx_00036,fictional,synthetic
2.0,draftkings,sim_v2_account_001,sim_v2_connection_001,USD,demo,SYNTHETIC,UTC,sim_v2_bet_00024,2026-08-13T19:49:00.000Z,2026-08-13T21:49:00.000Z,Basketball,Fictional Demo League,Demo Harbor 12 vs Demo Summit 12,Moneyline,Demo Harbor to win,Straight,1,160,48,4800,4800,0,Lost,lost,0,0,0,,sim_v2_tx_00037,,fictional,synthetic
2.0,draftkings,sim_v2_account_001,sim_v2_connection_001,USD,demo,SYNTHETIC,UTC,sim_v2_bet_00025,2026-08-14T16:20:00.000Z,2026-08-14T18:20:00.000Z,Basketball,Fictional Demo League,Demo Harbor 13 vs Demo Summit 13,Moneyline,Demo Harbor to win,Straight,1,-110,16,1600,1600,0,Won,won,30.54,3054,0,,sim_v2_tx_00038,sim_v2_tx_00039,fictional,synthetic
2.0,draftkings,sim_v2_account_001,sim_v2_connection_001,USD,demo,SYNTHETIC,UTC,sim_v2_bet_00026,2026-08-14T19:51:00.000Z,2026-08-14T21:51:00.000Z,Basketball,Fictional Demo League,Demo Harbor 13 vs Demo Summit 13,Moneyline,Demo Harbor to win,Straight,1,-125,24,2400,2400,0,Lost,lost,0,0,0,,sim_v2_tx_00040,,fictional,synthetic
2.0,draftkings,sim_v2_account_001,sim_v2_connection_001,USD,demo,SYNTHETIC,UTC,sim_v2_bet_00027,2026-08-15T16:22:00.000Z,2026-08-15T18:22:00.000Z,Basketball,Fictional Demo League,Demo Harbor 14 vs Demo Summit 14,Moneyline,Demo Harbor to win,Straight,1,130,36,3600,3600,0,Won,won,82.8,8280,0,,sim_v2_tx_00041,sim_v2_tx_00042,fictional,synthetic
2.0,draftkings,sim_v2_account_001,sim_v2_connection_001,USD,demo,SYNTHETIC,UTC,sim_v2_bet_00028,2026-08-15T19:53:00.000Z,2026-08-15T21:53:00.000Z,Basketball,Fictional Demo League,Demo Harbor 14 vs Demo Summit 14,Two-leg combined market,Demo Harbor win + game total over 155.5,Parlay,2,420,48,4800,4800,0,Won,won,249.6,24960,0,,sim_v2_tx_00043,sim_v2_tx_00044,fictional,synthetic
2.0,draftkings,sim_v2_account_001,sim_v2_connection_001,USD,demo,SYNTHETIC,UTC,sim_v2_bet_00029,2026-08-16T16:17:00.000Z,2026-08-16T18:17:00.000Z,Basketball,Fictional Demo League,Demo Harbor 15 vs Demo Summit 15,Moneyline,Demo Harbor to win,Straight,1,-110,16,1600,1600,0,Lost,lost,0,0,0,,sim_v2_tx_00045,,fictional,synthetic
2.0,draftkings,sim_v2_account_001,sim_v2_connection_001,USD,demo,SYNTHETIC,UTC,sim_v2_bet_00030,2026-08-16T19:48:00.000Z,2026-08-16T21:48:00.000Z,Basketball,Fictional Demo League,Demo Harbor 15 vs Demo Summit 15,Moneyline,Demo Harbor to win,Straight,1,-125,24,2400,2400,0,Won,won,43.2,4320,0,,sim_v2_tx_00046,sim_v2_tx_00047,fictional,synthetic
2.0,draftkings,sim_v2_account_001,sim_v2_connection_001,USD,demo,SYNTHETIC,UTC,sim_v2_bet_00031,2026-08-17T16:19:00.000Z,2026-08-17T18:19:00.000Z,Basketball,Fictional Demo League,Demo Harbor 16 vs Demo Summit 16,Moneyline,Demo Harbor to win,Straight,1,130,36,3600,3600,0,Lost,lost,0,0,0,,sim_v2_tx_00049,,fictional,synthetic
2.0,draftkings,sim_v2_account_001,sim_v2_connection_001,USD,demo,SYNTHETIC,UTC,sim_v2_bet_00032,2026-08-17T19:50:00.000Z,2026-08-17T21:50:00.000Z,Basketball,Fictional Demo League,Demo Harbor 16 vs Demo Summit 16,Moneyline,Demo Harbor to win,Straight,1,160,48,4800,4800,0,Won,won,124.8,12480,0,,sim_v2_tx_00050,sim_v2_tx_00051,fictional,synthetic
2.0,draftkings,sim_v2_account_001,sim_v2_connection_001,USD,demo,SYNTHETIC,UTC,sim_v2_bet_00033,2026-08-18T16:21:00.000Z,2026-08-18T18:21:00.000Z,Basketball,Fictional Demo League,Demo Harbor 17 vs Demo Summit 17,Moneyline,Demo Harbor to win,Straight,1,-110,16,1600,1600,0,Lost,lost,0,0,0,,sim_v2_tx_00052,,fictional,synthetic
2.0,draftkings,sim_v2_account_001,sim_v2_connection_001,USD,demo,SYNTHETIC,UTC,sim_v2_bet_00034,2026-08-18T19:52:00.000Z,2026-08-18T21:52:00.000Z,Basketball,Fictional Demo League,Demo Harbor 17 vs Demo Summit 17,Moneyline,Demo Harbor to win,Straight,1,-125,24,2400,2400,0,Won,won,43.2,4320,0,,sim_v2_tx_00053,sim_v2_tx_00054,fictional,synthetic
2.0,draftkings,sim_v2_account_001,sim_v2_connection_001,USD,demo,SYNTHETIC,UTC,sim_v2_bet_00035,2026-08-19T16:23:00.000Z,2026-08-19T18:23:00.000Z,Basketball,Fictional Demo League,Demo Harbor 18 vs Demo Summit 18,Moneyline,Demo Harbor to win,Straight,1,130,36,3600,3600,0,Lost,lost,0,0,0,,sim_v2_tx_00055,,fictional,synthetic
2.0,draftkings,sim_v2_account_001,sim_v2_connection_001,USD,demo,SYNTHETIC,UTC,sim_v2_bet_00036,2026-08-19T19:47:00.000Z,2026-08-19T21:47:00.000Z,Basketball,Fictional Demo League,Demo Harbor 18 vs Demo Summit 18,Moneyline,Demo Harbor to win,Straight,1,160,48,4800,4800,0,Won,won,124.8,12480,0,,sim_v2_tx_00056,sim_v2_tx_00057,fictional,synthetic
2.0,draftkings,sim_v2_account_001,sim_v2_connection_001,USD,demo,SYNTHETIC,UTC,sim_v2_bet_00037,2026-08-20T16:18:00.000Z,2026-08-20T18:18:00.000Z,Basketball,Fictional Demo League,Demo Harbor 19 vs Demo Summit 19,Two-leg combined market,Demo Harbor win + game total over 155.5,Parlay,2,420,16,1600,1600,0,Lost,lost,0,0,0,,sim_v2_tx_00058,,fictional,synthetic
2.0,draftkings,sim_v2_account_001,sim_v2_connection_001,USD,demo,SYNTHETIC,UTC,sim_v2_bet_00038,2026-08-20T19:49:00.000Z,2026-08-20T21:49:00.000Z,Basketball,Fictional Demo League,Demo Harbor 19 vs Demo Summit 19,Moneyline,Demo Harbor to win,Straight,1,-125,24,2400,2400,0,Lost,lost,0,0,0,,sim_v2_tx_00059,,fictional,synthetic
2.0,draftkings,sim_v2_account_001,sim_v2_connection_001,USD,demo,SYNTHETIC,UTC,sim_v2_bet_00039,2026-08-21T16:20:00.000Z,2026-08-21T18:20:00.000Z,Basketball,Fictional Demo League,Demo Harbor 20 vs Demo Summit 20,Moneyline,Demo Harbor to win,Straight,1,130,36,3600,3600,0,Won,won,82.8,8280,0,,sim_v2_tx_00060,sim_v2_tx_00061,fictional,synthetic
2.0,draftkings,sim_v2_account_001,sim_v2_connection_001,USD,demo,SYNTHETIC,UTC,sim_v2_bet_00040,2026-08-21T19:51:00.000Z,2026-08-21T21:51:00.000Z,Basketball,Fictional Demo League,Demo Harbor 20 vs Demo Summit 20,Moneyline,Demo Harbor to win,Straight,1,160,48,4800,0,4800,Lost,lost,0,0,0,Demo Bonus Bet,sim_v2_tx_00063,,fictional,synthetic
2.0,draftkings,sim_v2_account_001,sim_v2_connection_001,USD,demo,SYNTHETIC,UTC,sim_v2_bet_00041,2026-08-22T16:22:00.000Z,2026-08-22T18:22:00.000Z,Basketball,Fictional Demo League,Demo Harbor 21 vs Demo Summit 21,Moneyline,Demo Harbor to win,Straight,1,-110,16,1600,1600,0,Lost,lost,0,0,0,,sim_v2_tx_00064,,fictional,synthetic
2.0,draftkings,sim_v2_account_001,sim_v2_connection_001,USD,demo,SYNTHETIC,UTC,sim_v2_bet_00042,2026-08-22T19:53:00.000Z,2026-08-22T21:53:00.000Z,Basketball,Fictional Demo League,Demo Harbor 21 vs Demo Summit 21,Moneyline,Demo Harbor to win,Straight,1,-125,24,2400,2400,0,Won,won,43.2,4320,0,,sim_v2_tx_00065,sim_v2_tx_00066,fictional,synthetic
2.0,draftkings,sim_v2_account_001,sim_v2_connection_001,USD,demo,SYNTHETIC,UTC,sim_v2_bet_00043,2026-08-23T16:17:00.000Z,2026-08-23T18:17:00.000Z,Basketball,Fictional Demo League,Demo Harbor 22 vs Demo Summit 22,Moneyline,Demo Harbor to win,Straight,1,130,36,3600,3600,0,Won,won,82.8,8280,0,,sim_v2_tx_00067,sim_v2_tx_00068,fictional,synthetic
2.0,draftkings,sim_v2_account_001,sim_v2_connection_001,USD,demo,SYNTHETIC,UTC,sim_v2_bet_00044,2026-08-23T19:48:00.000Z,2026-08-23T21:48:00.000Z,Basketball,Fictional Demo League,Demo Harbor 22 vs Demo Summit 22,Moneyline,Demo Harbor to win,Straight,1,160,48,4800,4800,0,Won,won,124.8,12480,0,,sim_v2_tx_00069,sim_v2_tx_00070,fictional,synthetic
2.0,draftkings,sim_v2_account_001,sim_v2_connection_001,USD,demo,SYNTHETIC,UTC,sim_v2_bet_00045,2026-08-24T16:19:00.000Z,2026-08-24T18:19:00.000Z,Basketball,Fictional Demo League,Demo Harbor 23 vs Demo Summit 23,Moneyline,Demo Harbor to win,Straight,1,-110,16,1600,1600,0,Lost,lost,0,0,0,,sim_v2_tx_00071,,fictional,synthetic
2.0,draftkings,sim_v2_account_001,sim_v2_connection_001,USD,demo,SYNTHETIC,UTC,sim_v2_bet_00046,2026-08-24T19:50:00.000Z,2026-08-24T21:50:00.000Z,Basketball,Fictional Demo League,Demo Harbor 23 vs Demo Summit 23,Two-leg combined market,Demo Harbor win + game total over 155.5,Parlay,2,420,24,2400,2400,0,Lost,lost,0,0,0,,sim_v2_tx_00072,,fictional,synthetic
2.0,draftkings,sim_v2_account_001,sim_v2_connection_001,USD,demo,SYNTHETIC,UTC,sim_v2_bet_00047,2026-08-25T16:21:00.000Z,2026-08-25T18:21:00.000Z,Basketball,Fictional Demo League,Demo Harbor 24 vs Demo Summit 24,Moneyline,Demo Harbor to win,Straight,1,130,36,3600,3600,0,Lost,lost,0,0,0,,sim_v2_tx_00073,,fictional,synthetic
2.0,draftkings,sim_v2_account_001,sim_v2_connection_001,USD,demo,SYNTHETIC,UTC,sim_v2_bet_00048,2026-08-25T19:52:00.000Z,2026-08-25T21:52:00.000Z,Basketball,Fictional Demo League,Demo Harbor 24 vs Demo Summit 24,Moneyline,Demo Harbor to win,Straight,1,160,48,4800,4800,0,Won,won,124.8,12480,0,,sim_v2_tx_00074,sim_v2_tx_00075,fictional,synthetic
2.0,draftkings,sim_v2_account_001,sim_v2_connection_001,USD,demo,SYNTHETIC,UTC,sim_v2_bet_00049,2026-08-26T16:23:00.000Z,2026-08-26T18:23:00.000Z,Basketball,Fictional Demo League,Demo Harbor 25 vs Demo Summit 25,Moneyline,Demo Harbor to win,Straight,1,-110,16,1600,1600,0,Lost,lost,0,0,0,,sim_v2_tx_00076,,fictional,synthetic
2.0,draftkings,sim_v2_account_001,sim_v2_connection_001,USD,demo,SYNTHETIC,UTC,sim_v2_bet_00050,2026-08-26T19:47:00.000Z,2026-08-26T21:47:00.000Z,Basketball,Fictional Demo League,Demo Harbor 25 vs Demo Summit 25,Moneyline,Demo Harbor to win,Straight,1,-125,24,2400,2400,0,Won,won,43.2,4320,0,,sim_v2_tx_00077,sim_v2_tx_00078,fictional,synthetic
2.0,draftkings,sim_v2_account_001,sim_v2_connection_001,USD,demo,SYNTHETIC,UTC,sim_v2_bet_00051,2026-08-27T16:18:00.000Z,2026-08-27T18:18:00.000Z,Basketball,Fictional Demo League,Demo Harbor 26 vs Demo Summit 26,Moneyline,Demo Harbor to win,Straight,1,130,120,12000,12000,0,Lost,lost,0,0,0,,sim_v2_tx_00079,,fictional,synthetic
2.0,draftkings,sim_v2_account_001,sim_v2_connection_001,USD,demo,SYNTHETIC,UTC,sim_v2_bet_00052,2026-08-27T19:49:00.000Z,2026-08-27T21:49:00.000Z,Basketball,Fictional Demo League,Demo Harbor 26 vs Demo Summit 26,Moneyline,Demo Harbor to win,Straight,1,160,150,15000,15000,0,Won,won,390,39000,0,,sim_v2_tx_00080,sim_v2_tx_00081,fictional,synthetic
2.0,draftkings,sim_v2_account_001,sim_v2_connection_001,USD,demo,SYNTHETIC,UTC,sim_v2_bet_00053,2026-08-28T16:20:00.000Z,2026-08-28T18:20:00.000Z,Basketball,Fictional Demo League,Demo Harbor 27 vs Demo Summit 27,Moneyline,Demo Harbor to win,Straight,1,-110,16,1600,1600,0,Lost,lost,0,0,0,,sim_v2_tx_00082,,fictional,synthetic
2.0,draftkings,sim_v2_account_001,sim_v2_connection_001,USD,demo,SYNTHETIC,UTC,sim_v2_bet_00054,2026-08-28T19:51:00.000Z,2026-08-28T21:51:00.000Z,Basketball,Fictional Demo League,Demo Harbor 27 vs Demo Summit 27,Moneyline,Demo Harbor to win,Straight,1,-125,24,2400,2400,0,Void,void,0,0,2400,,sim_v2_tx_00083,sim_v2_tx_00084,fictional,synthetic
2.0,draftkings,sim_v2_account_001,sim_v2_connection_001,USD,demo,SYNTHETIC,UTC,sim_v2_bet_00055,2026-08-29T16:22:00.000Z,2026-08-29T18:22:00.000Z,Basketball,Fictional Demo League,Demo Harbor 28 vs Demo Summit 28,Two-leg combined market,Demo Harbor win + game total over 155.5,Parlay,2,420,36,3600,3600,0,Lost,lost,0,0,0,,sim_v2_tx_00085,,fictional,synthetic
2.0,draftkings,sim_v2_account_001,sim_v2_connection_001,USD,demo,SYNTHETIC,UTC,sim_v2_bet_00056,2026-08-29T19:53:00.000Z,2026-08-29T21:53:00.000Z,Basketball,Fictional Demo League,Demo Harbor 28 vs Demo Summit 28,Moneyline,Demo Harbor to win,Straight,1,160,48,4800,4800,0,Won,won,124.8,12480,0,,sim_v2_tx_00086,sim_v2_tx_00087,fictional,synthetic
2.0,draftkings,sim_v2_account_001,sim_v2_connection_001,USD,demo,SYNTHETIC,UTC,sim_v2_bet_00057,2026-08-30T16:17:00.000Z,2026-08-30T18:17:00.000Z,Basketball,Fictional Demo League,Demo Harbor 29 vs Demo Summit 29,Moneyline,Demo Harbor to win,Straight,1,-110,16,1600,1600,0,Lost,lost,0,0,0,,sim_v2_tx_00088,,fictional,synthetic
2.0,draftkings,sim_v2_account_001,sim_v2_connection_001,USD,demo,SYNTHETIC,UTC,sim_v2_bet_00058,2026-08-30T19:48:00.000Z,2026-08-30T21:48:00.000Z,Basketball,Fictional Demo League,Demo Harbor 29 vs Demo Summit 29,Moneyline,Demo Harbor to win,Straight,1,-125,24,2400,2400,0,Lost,lost,0,0,0,,sim_v2_tx_00089,,fictional,synthetic
2.0,draftkings,sim_v2_account_001,sim_v2_connection_001,USD,demo,SYNTHETIC,UTC,sim_v2_bet_00059,2026-08-31T16:19:00.000Z,2026-08-31T18:19:00.000Z,Basketball,Fictional Demo League,Demo Harbor 30 vs Demo Summit 30,Moneyline,Demo Harbor to win,Straight,1,130,36,3600,3600,0,Won,won,82.8,8280,0,,sim_v2_tx_00090,sim_v2_tx_00091,fictional,synthetic
2.0,draftkings,sim_v2_account_001,sim_v2_connection_001,USD,demo,SYNTHETIC,UTC,sim_v2_bet_00060,2026-08-31T19:50:00.000Z,2026-08-31T21:50:00.000Z,Basketball,Fictional Demo League,Demo Harbor 30 vs Demo Summit 30,Moneyline,Demo Harbor to win,Straight,1,160,48,4800,4800,0,Won,won,124.8,12480,0,,sim_v2_tx_00092,sim_v2_tx_00093,fictional,synthetic
2.0,draftkings,sim_v2_account_001,sim_v2_connection_001,USD,demo,SYNTHETIC,UTC,sim_v2_bet_00061,2026-09-01T16:21:00.000Z,2026-09-01T18:21:00.000Z,Basketball,Fictional Demo League,Demo Harbor 31 vs Demo Summit 31,Moneyline,Demo Harbor to win,Straight,1,-110,16,1600,1600,0,Won,won,30.54,3054,0,,sim_v2_tx_00094,sim_v2_tx_00095,fictional,synthetic
2.0,draftkings,sim_v2_account_001,sim_v2_connection_001,USD,demo,SYNTHETIC,UTC,sim_v2_bet_00062,2026-09-01T19:52:00.000Z,2026-09-01T21:52:00.000Z,Basketball,Fictional Demo League,Demo Harbor 31 vs Demo Summit 31,Moneyline,Demo Harbor to win,Straight,1,-125,24,2400,2400,0,Won,won,43.2,4320,0,,sim_v2_tx_00097,sim_v2_tx_00098,fictional,synthetic
2.0,draftkings,sim_v2_account_001,sim_v2_connection_001,USD,demo,SYNTHETIC,UTC,sim_v2_bet_00063,2026-09-02T16:23:00.000Z,2026-09-02T18:23:00.000Z,Basketball,Fictional Demo League,Demo Harbor 32 vs Demo Summit 32,Moneyline,Demo Harbor to win,Straight,1,130,36,3600,3600,0,Won,won,82.8,8280,0,,sim_v2_tx_00100,sim_v2_tx_00101,fictional,synthetic
2.0,draftkings,sim_v2_account_001,sim_v2_connection_001,USD,demo,SYNTHETIC,UTC,sim_v2_bet_00064,2026-09-02T19:47:00.000Z,2026-09-02T21:47:00.000Z,Basketball,Fictional Demo League,Demo Harbor 32 vs Demo Summit 32,Two-leg combined market,Demo Harbor win + game total over 155.5,Parlay,2,420,48,4800,4800,0,Won,won,249.6,24960,0,,sim_v2_tx_00102,sim_v2_tx_00103,fictional,synthetic
2.0,draftkings,sim_v2_account_001,sim_v2_connection_001,USD,demo,SYNTHETIC,UTC,sim_v2_bet_00065,2026-09-03T16:18:00.000Z,2026-09-03T18:18:00.000Z,Basketball,Fictional Demo League,Demo Harbor 33 vs Demo Summit 33,Moneyline,Demo Harbor to win,Straight,1,-110,16,1600,1600,0,Won,won,30.54,3054,0,,sim_v2_tx_00104,sim_v2_tx_00105,fictional,synthetic
2.0,draftkings,sim_v2_account_001,sim_v2_connection_001,USD,demo,SYNTHETIC,UTC,sim_v2_bet_00066,2026-09-03T19:49:00.000Z,2026-09-03T21:49:00.000Z,Basketball,Fictional Demo League,Demo Harbor 33 vs Demo Summit 33,Moneyline,Demo Harbor to win,Straight,1,-125,24,2400,2400,0,Lost,lost,0,0,0,,sim_v2_tx_00106,,fictional,synthetic
2.0,draftkings,sim_v2_account_001,sim_v2_connection_001,USD,demo,SYNTHETIC,UTC,sim_v2_bet_00067,2026-09-04T16:20:00.000Z,2026-09-04T18:20:00.000Z,Basketball,Fictional Demo League,Demo Harbor 34 vs Demo Summit 34,Moneyline,Demo Harbor to win,Straight,1,130,36,3600,3600,0,Lost,lost,0,0,0,,sim_v2_tx_00107,,fictional,synthetic
2.0,draftkings,sim_v2_account_001,sim_v2_connection_001,USD,demo,SYNTHETIC,UTC,sim_v2_bet_00068,2026-09-04T19:51:00.000Z,2026-09-04T21:51:00.000Z,Basketball,Fictional Demo League,Demo Harbor 34 vs Demo Summit 34,Moneyline,Demo Harbor to win,Straight,1,160,48,4800,4800,0,Won,won,124.8,12480,0,,sim_v2_tx_00108,sim_v2_tx_00109,fictional,synthetic
2.0,draftkings,sim_v2_account_001,sim_v2_connection_001,USD,demo,SYNTHETIC,UTC,sim_v2_bet_00069,2026-09-05T16:22:00.000Z,2026-09-05T18:22:00.000Z,Basketball,Fictional Demo League,Demo Harbor 35 vs Demo Summit 35,Moneyline,Demo Harbor to win,Straight,1,-110,16,1600,0,1600,Won,won,14.54,1454,0,Demo Bonus Bet,sim_v2_tx_00111,sim_v2_tx_00112,fictional,synthetic
2.0,draftkings,sim_v2_account_001,sim_v2_connection_001,USD,demo,SYNTHETIC,UTC,sim_v2_bet_00070,2026-09-05T19:53:00.000Z,2026-09-05T21:53:00.000Z,Basketball,Fictional Demo League,Demo Harbor 35 vs Demo Summit 35,Moneyline,Demo Harbor to win,Straight,1,-125,24,2400,2400,0,Won,won,43.2,4320,0,,sim_v2_tx_00113,sim_v2_tx_00114,fictional,synthetic
2.0,draftkings,sim_v2_account_001,sim_v2_connection_001,USD,demo,SYNTHETIC,UTC,sim_v2_bet_00071,2026-09-06T16:17:00.000Z,2026-09-06T18:17:00.000Z,Basketball,Fictional Demo League,Demo Harbor 36 vs Demo Summit 36,Moneyline,Demo Harbor to win,Straight,1,130,36,3600,3600,0,Lost,lost,0,0,0,,sim_v2_tx_00115,,fictional,synthetic
2.0,draftkings,sim_v2_account_001,sim_v2_connection_001,USD,demo,SYNTHETIC,UTC,sim_v2_bet_00072,2026-09-06T19:48:00.000Z,2026-09-06T21:48:00.000Z,Basketball,Fictional Demo League,Demo Harbor 36 vs Demo Summit 36,Moneyline,Demo Harbor to win,Straight,1,160,48,4800,4800,0,Lost,lost,0,0,0,,sim_v2_tx_00116,,fictional,synthetic
2.0,draftkings,sim_v2_account_001,sim_v2_connection_001,USD,demo,SYNTHETIC,UTC,sim_v2_bet_00073,2026-09-07T16:19:00.000Z,2026-09-07T18:19:00.000Z,Basketball,Fictional Demo League,Demo Harbor 37 vs Demo Summit 37,Two-leg combined market,Demo Harbor win + game total over 155.5,Parlay,2,420,120,12000,12000,0,Lost,lost,0,0,0,,sim_v2_tx_00117,,fictional,synthetic
2.0,draftkings,sim_v2_account_001,sim_v2_connection_001,USD,demo,SYNTHETIC,UTC,sim_v2_bet_00074,2026-09-07T19:50:00.000Z,2026-09-07T21:50:00.000Z,Basketball,Fictional Demo League,Demo Harbor 37 vs Demo Summit 37,Moneyline,Demo Harbor to win,Straight,1,-125,150,15000,15000,0,Lost,lost,0,0,0,,sim_v2_tx_00118,,fictional,synthetic
2.0,draftkings,sim_v2_account_001,sim_v2_connection_001,USD,demo,SYNTHETIC,UTC,sim_v2_bet_00075,2026-09-08T16:21:00.000Z,2026-09-08T18:21:00.000Z,Basketball,Fictional Demo League,Demo Harbor 38 vs Demo Summit 38,Moneyline,Demo Harbor to win,Straight,1,130,36,3600,3600,0,Won,won,82.8,8280,0,,sim_v2_tx_00119,sim_v2_tx_00120,fictional,synthetic
2.0,draftkings,sim_v2_account_001,sim_v2_connection_001,USD,demo,SYNTHETIC,UTC,sim_v2_bet_00076,2026-09-08T19:52:00.000Z,2026-09-08T21:52:00.000Z,Basketball,Fictional Demo League,Demo Harbor 38 vs Demo Summit 38,Moneyline,Demo Harbor to win,Straight,1,160,48,4800,4800,0,Lost,lost,0,0,0,,sim_v2_tx_00121,,fictional,synthetic
2.0,draftkings,sim_v2_account_001,sim_v2_connection_001,USD,demo,SYNTHETIC,UTC,sim_v2_bet_00077,2026-09-09T16:23:00.000Z,2026-09-09T18:23:00.000Z,Basketball,Fictional Demo League,Demo Harbor 39 vs Demo Summit 39,Moneyline,Demo Harbor to win,Straight,1,-110,16,1600,1600,0,Lost,lost,0,0,0,,sim_v2_tx_00122,,fictional,synthetic
2.0,draftkings,sim_v2_account_001,sim_v2_connection_001,USD,demo,SYNTHETIC,UTC,sim_v2_bet_00078,2026-09-09T19:47:00.000Z,2026-09-09T21:47:00.000Z,Basketball,Fictional Demo League,Demo Harbor 39 vs Demo Summit 39,Moneyline,Demo Harbor to win,Straight,1,-125,24,2400,2400,0,Won,won,43.2,4320,0,,sim_v2_tx_00123,sim_v2_tx_00124,fictional,synthetic
2.0,draftkings,sim_v2_account_001,sim_v2_connection_001,USD,demo,SYNTHETIC,UTC,sim_v2_bet_00079,2026-09-10T16:18:00.000Z,2026-09-10T18:18:00.000Z,Basketball,Fictional Demo League,Demo Harbor 40 vs Demo Summit 40,Moneyline,Demo Harbor to win,Straight,1,130,36,3600,3600,0,Won,won,82.8,8280,0,,sim_v2_tx_00125,sim_v2_tx_00126,fictional,synthetic
2.0,draftkings,sim_v2_account_001,sim_v2_connection_001,USD,demo,SYNTHETIC,UTC,sim_v2_bet_00080,2026-09-10T19:49:00.000Z,2026-09-10T21:49:00.000Z,Basketball,Fictional Demo League,Demo Harbor 40 vs Demo Summit 40,Moneyline,Demo Harbor to win,Straight,1,160,48,4800,4800,0,Won,won,124.8,12480,0,,sim_v2_tx_00127,sim_v2_tx_00128,fictional,synthetic
2.0,draftkings,sim_v2_account_001,sim_v2_connection_001,USD,demo,SYNTHETIC,UTC,sim_v2_bet_00081,2026-09-11T16:20:00.000Z,2026-09-11T18:20:00.000Z,Basketball,Fictional Demo League,Demo Harbor 41 vs Demo Summit 41,Moneyline,Demo Harbor to win,Straight,1,-110,16,1600,1600,0,Won,won,30.54,3054,0,,sim_v2_tx_00129,sim_v2_tx_00130,fictional,synthetic
2.0,draftkings,sim_v2_account_001,sim_v2_connection_001,USD,demo,SYNTHETIC,UTC,sim_v2_bet_00082,2026-09-11T19:51:00.000Z,2026-09-11T21:51:00.000Z,Basketball,Fictional Demo League,Demo Harbor 41 vs Demo Summit 41,Two-leg combined market,Demo Harbor win + game total over 155.5,Parlay,2,420,24,2400,2400,0,Won,won,124.8,12480,0,,sim_v2_tx_00131,sim_v2_tx_00132,fictional,synthetic
2.0,draftkings,sim_v2_account_001,sim_v2_connection_001,USD,demo,SYNTHETIC,UTC,sim_v2_bet_00083,2026-09-12T16:22:00.000Z,2026-09-12T18:22:00.000Z,Basketball,Fictional Demo League,Demo Harbor 42 vs Demo Summit 42,Moneyline,Demo Harbor to win,Straight,1,130,36,3600,3600,0,Won,won,82.8,8280,0,,sim_v2_tx_00133,sim_v2_tx_00134,fictional,synthetic
2.0,draftkings,sim_v2_account_001,sim_v2_connection_001,USD,demo,SYNTHETIC,UTC,sim_v2_bet_00084,2026-09-12T19:53:00.000Z,2026-09-12T21:53:00.000Z,Basketball,Fictional Demo League,Demo Harbor 42 vs Demo Summit 42,Moneyline,Demo Harbor to win,Straight,1,160,48,4800,4800,0,Won,won,124.8,12480,0,,sim_v2_tx_00135,sim_v2_tx_00136,fictional,synthetic
2.0,draftkings,sim_v2_account_001,sim_v2_connection_001,USD,demo,SYNTHETIC,UTC,sim_v2_bet_00085,2026-09-13T16:17:00.000Z,2026-09-13T18:17:00.000Z,Basketball,Fictional Demo League,Demo Harbor 43 vs Demo Summit 43,Moneyline,Demo Harbor to win,Straight,1,-110,16,1600,1600,0,Lost,lost,0,0,0,,sim_v2_tx_00137,,fictional,synthetic
2.0,draftkings,sim_v2_account_001,sim_v2_connection_001,USD,demo,SYNTHETIC,UTC,sim_v2_bet_00086,2026-09-13T19:48:00.000Z,2026-09-13T21:48:00.000Z,Basketball,Fictional Demo League,Demo Harbor 43 vs Demo Summit 43,Moneyline,Demo Harbor to win,Straight,1,-125,24,2400,2400,0,Lost,lost,0,0,0,,sim_v2_tx_00138,,fictional,synthetic
2.0,draftkings,sim_v2_account_001,sim_v2_connection_001,USD,demo,SYNTHETIC,UTC,sim_v2_bet_00087,2026-09-14T16:19:00.000Z,,Basketball,Fictional Demo League,Demo Harbor 44 vs Demo Summit 44,Moneyline,Demo Harbor to win,Straight,1,130,36,3600,3600,0,Open,open,0,0,0,,sim_v2_tx_00139,,fictional,pending
2.0,draftkings,sim_v2_account_001,sim_v2_connection_001,USD,demo,SYNTHETIC,UTC,sim_v2_bet_00088,2026-09-14T19:50:00.000Z,,Basketball,Fictional Demo League,Demo Harbor 44 vs Demo Summit 44,Moneyline,Demo Harbor to win,Straight,1,160,48,4800,4800,0,Open,open,0,0,0,,sim_v2_tx_00140,,fictional,pending
